"Q140628586	P14545	""http://www.wikidata.org/.well-known/genid/0003ede7957725275e853a4c9cf59d27"""
"Q10573193	P14545	""http://www.wikidata.org/.well-known/genid/15f68dd3905ecab20834baa2050ee0cf"""
"Q15307335	P14545	""http://www.wikidata.org/.well-known/genid/161c54baacebb2c7235e68a470871ce9"""
"Q140392273	P14545	""http://www.wikidata.org/.well-known/genid/17f73ff2d8a6eee6058ee8ab606854ce"""
"Q10573160	P14545	""http://www.wikidata.org/.well-known/genid/1c019a0c802886e784c67993ae3ce29c"""
"Q134721456	P14545	""http://www.wikidata.org/.well-known/genid/1f0a60c9ed326e221c732bf5ab2dc973"""
"Q10659232	P14545	""http://www.wikidata.org/.well-known/genid/200cfd07ac11aa7bd588cb03b6adab64"""
"Q10573196	P14545	""http://www.wikidata.org/.well-known/genid/23edcf633e90b81a9a36694b12e36f07"""
"Q140627972	P14545	""http://www.wikidata.org/.well-known/genid/24802ee5fa6286060d2a7f28139334ba"""
"Q140645243	P14545	""http://www.wikidata.org/.well-known/genid/258a28af1bef8195eee3a26cec20c083"""
"Q10573138	P14545	""http://www.wikidata.org/.well-known/genid/25e8b228d41dd1940d53aabbc91648fd"""
"Q140624472	P14545	""http://www.wikidata.org/.well-known/genid/2dace75837a3984b7c3f2165714d8c56"""
"Q26214967	P14545	""http://www.wikidata.org/.well-known/genid/38a956936dff6250ed3e13be9bce253b"""
"Q49098938	P14545	""http://www.wikidata.org/.well-known/genid/3da6c2eadd2d35435bcba9dfb6257968"""
"Q10573158	P14545	""http://www.wikidata.org/.well-known/genid/4078d965469479a8bb4173985811266a"""
"Q106575390	P14545	""http://www.wikidata.org/.well-known/genid/42affd2ea6adbbd9d418c4962b3a052b"""
"Q60969479	P14545	""http://www.wikidata.org/.well-known/genid/51e0413525e281aef6672af062f74285"""
"Q130706917	P14545	""http://www.wikidata.org/.well-known/genid/57c26de6828e53ee14d29b481958e977"""
"Q136750195	P14545	""http://www.wikidata.org/.well-known/genid/5a7a492dc078f605c6743bf7f4047fec"""
"Q10573056	P14545	""http://www.wikidata.org/.well-known/genid/5c97fb6d8b264bd612fbafe841327176"""
"Q31888779	P14545	""http://www.wikidata.org/.well-known/genid/6825a158ad06eb113d566b9385f40f38"""
"Q56839314	P14545	""http://www.wikidata.org/.well-known/genid/690d745c29fddb9d78e3b461978c426e"""
"Q140391887	P14545	""http://www.wikidata.org/.well-known/genid/6f8f52c59bb0cd065b3b608faa8a072f"""
"Q15661350	P14545	""http://www.wikidata.org/.well-known/genid/705e65bbe3bbbfbb64d85db3f6cbbfc2"""
"Q31897139	P14545	""http://www.wikidata.org/.well-known/genid/79fdd9b567df0a75243438b938afeecd"""
"Q140391110	P14545	""http://www.wikidata.org/.well-known/genid/7e9ab069a6d19464291510e5ac1be8fa"""
"Q140391770	P14545	""http://www.wikidata.org/.well-known/genid/8005d83894c56d8ff8fdc1c31c942604"""
"Q10573159	P14545	""http://www.wikidata.org/.well-known/genid/a78f9481a85a5b06ebcf70c2d5ad4f93"""
"Q10573179	P14545	""http://www.wikidata.org/.well-known/genid/ac2b4fb66a5a29043eba46bc4e810be1"""
"Q140437532	P14545	""http://www.wikidata.org/.well-known/genid/bbf981338580b25eafc5963b1c0f7daa"""
"Q10573201	P14545	""http://www.wikidata.org/.well-known/genid/bf075e8e8e6c5fa4a03025feebe18bbf"""
"Q10573149	P14545	""http://www.wikidata.org/.well-known/genid/c3d17c539e37e459cc0ce870d24e4e94"""
"Q140626302	P14545	""http://www.wikidata.org/.well-known/genid/c853a1fa6247cfc89644806dd2f8222c"""
"Q140420220	P14545	""http://www.wikidata.org/.well-known/genid/c8813ba287dfeda269af847578391a4f"""
"Q136449748	P14545	""http://www.wikidata.org/.well-known/genid/cba4818851e8a61d9ea4547bd3b6db10"""
"Q140424538	P14545	""http://www.wikidata.org/.well-known/genid/cdc60c926dbefe31c572312814824dd5"""
"Q10573204	P14545	""http://www.wikidata.org/.well-known/genid/d12ee5984b12f01df43768c9704d4d87"""
"Q140391438	P14545	""http://www.wikidata.org/.well-known/genid/d16d10706247bb6904a4d9834d2a32fa"""
"Q10573209	P14545	""http://www.wikidata.org/.well-known/genid/d1a717209f3f899e70029dcb5e2ab15e"""
"Q15661475	P14545	""http://www.wikidata.org/.well-known/genid/d261ada735e5b65d60cdcc9ded373afd"""
"Q140424525	P14545	""http://www.wikidata.org/.well-known/genid/dda7ad0e11cab5a917e2508c1ac38eaf"""
"Q10573163	P14545	""http://www.wikidata.org/.well-known/genid/dda9e75cb3a9a26b3262744305b6fae1"""
"Q140380981	P14545	""http://www.wikidata.org/.well-known/genid/e152507e0ed5e9bf678a723ad121c38d"""
"Q10573202	P14545	""http://www.wikidata.org/.well-known/genid/f2d1ed4206bd81bd769a980ddc078ce6"""
"Q52332876	P14545	""http://www.wikidata.org/.well-known/genid/fbd28e3c6b37d2e9349aa411f8330f35"""
"Q134621885	P14545	""sat:pier:24hkr"""
"Q134370050	P14545	""sat:pier:25njf"""
"Q134891991	P14545	""sat:pier:25rqy"""
"Q135973416	P14545	""sat:pier:2d2nq"""
"Q134688756	P14545	""sat:pier:3axkr"""
"Q134613421	P14545	""sat:pier:3k8k3"""
"Q134007303	P14545	""sat:pier:3kwbd"""
"Q134523091	P14545	""sat:pier:4whpf"""
"Q140693000	P14545	""sat:pier:55sn9"""
"Q133885585	P14545	""sat:pier:5cx6y"""
"Q140693022	P14545	""sat:pier:5mca6"""
"Q140693116	P14545	""sat:pier:5qtk3"""
"Q133994161	P14545	""sat:pier:6w8v7"""
"Q134613611	P14545	""sat:pier:88p26"""
"Q134007589	P14545	""sat:pier:8a3zv"""
"Q134527143	P14545	""sat:pier:97dsz"""
"Q133884836	P14545	""sat:pier:9d4ts"""
"Q134442879	P14545	""sat:pier:ana8w"""
"Q134369914	P14545	""sat:pier:badnq"""
"Q134444768	P14545	""sat:pier:bg8n2"""
"Q134369594	P14545	""sat:pier:bks6e"""
"Q134310449	P14545	""sat:pier:c2zdb"""
"Q136687404	P14545	""sat:pier:cg6tm"""
"Q135406877	P14545	""sat:pier:cjh66"""
"Q133884785	P14545	""sat:pier:d9x33"""
"Q134367350	P14545	""sat:pier:dz2kk"""
"Q134614663	P14545	""sat:pier:exbtj"""
"Q134621955	P14545	""sat:pier:fb4m2"""
"Q133886292	P14545	""sat:pier:g9c6x"""
"Q134621751	P14545	""sat:pier:gj722"""
"Q133994206	P14545	""sat:pier:h3e32"""
"Q133993978	P14545	""sat:pier:h5e27"""
"Q134007558	P14545	""sat:pier:h5sec"""
"Q92755913	P14545	""sat:pier:hdd6b"""
"Q134626197	P14545	""sat:pier:hk4c2"""
"Q134007653	P14545	""sat:pier:jz4b2"""
"Q134614130	P14545	""sat:pier:k3ga2"""
"Q140355814	P14545	""sat:pier:kcqca"""
"Q134008052	P14545	""sat:pier:mb7mm"""
"Q134007206	P14545	""sat:pier:npv3h"""
"Q133867299	P14545	""sat:pier:ptqk8"""
"Q133884690	P14545	""sat:pier:r9h6s"""
"Q134539845	P14545	""sat:pier:r9t9s"""
"Q134007692	P14545	""sat:pier:rt7xw"""
"Q134527130	P14545	""sat:pier:syrra"""
"Q140355872	P14545	""sat:pier:tnjrd"""
"Q134008562	P14545	""sat:pier:vmgj9"""
"Q134621810	P14545	""sat:pier:w9mqf"""
"Q134000657	P14545	""sat:pier:wcghw"""
"Q134614578	P14545	""sat:pier:x224j"""
"Q133884712	P14545	""sat:pier:x9mp5"""
"Q134522797	P14545	""sat:pier:xqdpx"""
"Q140692899	P14545	""sat:pier:y2b5e"""
"Q134522835	P14545	""sat:pier:y7y66"""
"Q134521444	P14545	""sat:pier:yd6px"""
"Q133885677	P14545	""sat:pier:z8knr"""
"Q134621708	P14545	""sat:pier:zqjp7"""
"Q134297092	P14545	""sat:pier:zw4s7"""
"Q133830825	P14545	""sat:poi:32htq"""
"Q134006727	P14545	""sat:poi:3832n"""
"Q136337568	P14545	""sat:poi:6yz3t"""
"Q134580641	P14545	""sat:poi:756xr"""
"Q140482992	P14545	""sat:poi:7yskn"""
"Q133812569	P14545	""sat:poi:bwsb2"""
"Q107290890	P14545	""sat:poi:cbt7n"""
"Q134461524	P14545	""sat:poi:eb5j5"""
"Q18291743	P14545	""sat:poi:fgfa4"""
"Q32904803	P14545	""sat:poi:gfyya"""
"Q133812569	P14545	""sat:poi:gysy6"""
"Q121754355	P14545	""sat:poi:h78ed"""
"Q130338821	P14545	""sat:poi:hpy7b"""
"Q134527248	P14545	""sat:poi:m438y"""
"Q135336466	P14545	""sat:poi:wteat"""
"Q121715058	P14545	""sat:poi:y6t5d"""
"Q1546959	P14545	""sat:section:2fxg6"""
"Q133502246	P14545	""sat:section:2fxg6"""
"Q56804997	P14545	""sat:section:33r32"""
"Q133724234	P14545	""sat:section:33r32"""
"Q1759193	P14545	""sat:section:3hz5y"""
"Q133724236	P14545	""sat:section:3hz5y"""
"Q10561414	P14545	""sat:section:3zc33"""
"Q3105747	P14545	""sat:section:5cg25"""
"Q48890062	P14545	""sat:section:5cg25"""
"Q133724246	P14545	""sat:section:5cg25"""
"Q294787	P14545	""sat:section:6agsx"""
"Q1480015	P14545	""sat:section:6agsx"""
"Q133449160	P14545	""sat:section:6agsx"""
"Q3355818	P14545	""sat:section:72x3g"""
"Q133724249	P14545	""sat:section:72x3g"""
"Q5245979	P14545	""sat:section:7nggg"""
"Q133724247	P14545	""sat:section:7nggg"""
"Q2120552	P14545	""sat:section:b49zp"""
"Q133724252	P14545	""sat:section:b49zp"""
"Q2837232	P14545	""sat:section:cp9g9"""
"Q46946584	P14545	""sat:section:cp9g9"""
"Q133724255	P14545	""sat:section:cp9g9"""
"Q10726505	P14545	""sat:section:fhf88"""
"Q133374185	P14545	""sat:section:fhf88"""
"Q133724232	P14545	""sat:section:fhf88"""
"Q6976731	P14545	""sat:section:jzby6"""
"Q133724239	P14545	""sat:section:jzby6"""
"Q3772710	P14545	""sat:section:nhy68"""
"Q133374147	P14545	""sat:section:nhy68"""
"Q56780332	P14545	""sat:section:npbr9"""
"Q133724237	P14545	""sat:section:npbr9"""
"Q133554956	P14545	""sat:section:phb3z"""
"Q6976423	P14545	""sat:section:qwgxa"""
"Q133724250	P14545	""sat:section:qwgxa"""
"Q10605513	P14545	""sat:section:rp7pt"""
"Q133724230	P14545	""sat:section:rp7pt"""
"Q10658747	P14545	""sat:section:sqqy9"""
"Q133724231	P14545	""sat:section:sqqy9"""
"Q842877	P14545	""sat:section:t3kx7"""
"Q133724254	P14545	""sat:section:t3kx7"""
"Q10436177	P14545	""sat:section:vpdx4"""
"Q133724240	P14545	""sat:section:vpdx4"""
"Q10573162	P14545	""sat:vessel:3kjzv"""
"Q10573052	P14545	""sat:vessel:4agqh"""
"Q10684595	P14545	""sat:vessel:4x39x"""
"Q134550614	P14545	""sat:vessel:5dh3f"""
"Q10573151	P14545	""sat:vessel:5xrhm"""
"Q10573203	P14545	""sat:vessel:7awvt"""
"Q10659318	P14545	""sat:vessel:7bj23"""
"Q64548778	P14545	""sat:vessel:aws8m"""
"Q63384746	P14545	""sat:vessel:e99jw"""
"Q10667918	P14545	""sat:vessel:gg8gw"""
"Q20205108	P14545	""sat:vessel:jgnhb"""
"Q31895770	P14545	""sat:vessel:rgcmv"""
"Q10573200	P14545	""sat:vessel:sgwt5"""
"Q10659340	P14545	""sat:vessel:tsvh9"""
"Q10573127	P14545	""sat:vessel:vn92p"""
"Q10573144	P14545	""sat:vessel:wmf8m"""
"Q31885478	P14545	""sat:vessel:x4hte"""
"Q64362244	P14545	""sat:vessel:zzm4n"""
