sat_id,osm_type_conc,osm_id_conc,osm_type_osm,osm_id_osm
sat:pier:24hkr,,,node,2321869273.0
sat:pier:25njf,,,node,476790748.0
sat:pier:2d2nq,,,node,863443825.0
sat:pier:3axkr,,,way,605734271.0
sat:pier:3kwbd,,,node,2942213200.0
sat:pier:4whpf,,,node,2349139503.0
sat:pier:5cx6y,,,node,1611299356.0
sat:pier:6w8v7,,,node,7784981225.0
sat:pier:88p26,,,node,2349164668.0
sat:pier:8a3zv,,,node,946510410.0
sat:pier:97dsz,,,node,5729827888.0
sat:pier:9d4ts,,,node,269395949.0
sat:pier:ana8w,,,node,859356638.0
sat:pier:badnq,,,node,5530966.0
sat:pier:bg8n2,,,node,2927541101.0
sat:pier:bks6e,,,node,7786882522.0
sat:pier:c2zdb,,,node,758463397.0
sat:pier:cg6tm,,,node,842475508.0
sat:pier:cg6tm,,,node,2349013583.0
sat:pier:d9x33,,,node,424056139.0
sat:pier:dz2kk,,,node,822562778.0
sat:pier:fb4m2,,,node,2908793764.0
sat:pier:g9c6x,,,node,435187426.0
sat:pier:gj722,,,node,435221526.0
sat:pier:h3e32,,,node,2908794120.0
sat:pier:h5e27,,,node,435221450.0
sat:pier:h5sec,,,node,946510502.0
sat:pier:hk4c2,,,node,2550392590.0
sat:pier:hv928,,,node,1415228919.0
sat:pier:kcqca,,,node,900631536.0
sat:pier:mb7mm,,,node,5861205706.0
sat:pier:npv3h,,,node,2908793762.0
sat:pier:ptqk8,,,node,1823005981.0
sat:pier:r9h6s,,,node,7683934978.0
sat:pier:r9t9s,,,node,1917030192.0
sat:pier:rt7xw,,,node,946514729.0
sat:pier:tnjrd,,,node,946514722.0
sat:pier:vmgj9,,,node,424093156.0
sat:pier:w9mqf,,,node,435187395.0
sat:pier:wcghw,,,node,2908793792.0
sat:pier:x224j,,,node,332454137.0
sat:pier:x9mp5,,,node,12182575619.0
sat:pier:x9t5q,,,node,5530979.0
sat:pier:xqdpx,,,node,441941298.0
sat:pier:y2b5e,,,node,900632078.0
sat:pier:y7y66,,,node,2334340773.0
sat:pier:yd6px,,,node,2349235266.0
sat:pier:z8knr,,,node,1611299455.0
sat:pier:zqjp7,,,node,491552371.0
sat:pier:zw4s7,,,node,467047074.0
sat:poi:237gm,node,2960935621.0,node,2960935621.0
sat:poi:237tx,way,857838618.0,way,857838618.0
sat:poi:25bc2,way,589298538.0,way,589298538.0
sat:poi:267fb,way,223282382.0,way,223282382.0
sat:poi:26aed,node,13144156053.0,node,13144156053.0
sat:poi:2atzy,node,1430936608.0,way,465662346.0
sat:poi:2atzy,way,465662346.0,way,465662346.0
sat:poi:2cd4d,node,13107588524.0,node,13107588524.0
sat:poi:2cs5n,way,1376435118.0,way,1376435118.0
sat:poi:2ctyz,node,11084999217.0,node,11084999217.0
sat:poi:2eztq,node,2379276238.0,,
sat:poi:2pscn,way,698721756.0,way,698721756.0
sat:poi:2qk4d,node,13128085070.0,node,13128085070.0
sat:poi:2r4yc,node,4964697368.0,node,4964697368.0
sat:poi:2raey,way,703944414.0,way,703944414.0
sat:poi:2szbh,node,473209678.0,node,473209678.0
sat:poi:2var9,node,12945087542.0,node,12945087542.0
sat:poi:2vayz,way,241040806.0,,
sat:poi:2wh5n,way,229110248.0,way,229110248.0
sat:poi:2y3sb,way,694128677.0,way,694128677.0
sat:poi:2yh23,node,12964017564.0,node,12964017564.0
sat:poi:2ypnw,node,9731151623.0,node,9731151623.0
sat:poi:32288,node,12869950725.0,node,12869950725.0
sat:poi:32htq,,,node,11148319151.0
sat:poi:33shw,way,1423491288.0,way,1423491288.0
sat:poi:33teb,node,1401738704.0,node,1401738704.0
sat:poi:36bpg,way,1422810843.0,way,1422810843.0
sat:poi:36hxc,node,863423239.0,node,863423239.0
sat:poi:379e4,node,2349013040.0,node,2349013040.0
sat:poi:3832n,,,node,12772629157.0
sat:poi:38zez,node,11066973234.0,node,11066973234.0
sat:poi:3axkg,way,1517327071.0,way,1517327071.0
sat:poi:3bzw8,node,5009607109.0,node,5009607109.0
sat:poi:3dqhc,node,7056281205.0,node,7056281205.0
sat:poi:3esyv,node,7791334540.0,node,7791334540.0
sat:poi:3g2t3,node,8524303978.0,node,8524303978.0
sat:poi:3j9yj,way,222762672.0,,
sat:poi:3k92w,way,330032369.0,way,330032369.0
sat:poi:3n4yn,node,13042692090.0,node,13042692090.0
sat:poi:3p62b,way,1422474180.0,way,1422474180.0
sat:poi:3pdqj,node,12740326709.0,node,12740326709.0
sat:poi:3pe5v,way,222762689.0,,
sat:poi:3pgve,way,300450549.0,way,300450549.0
sat:poi:3q6gq,way,496349657.0,way,496349657.0
sat:poi:3qdet,way,1529901098.0,way,1529901098.0
sat:poi:3qh4s,node,936554827.0,node,936554827.0
sat:poi:3sbvd,way,835790392.0,way,455176656.0
sat:poi:3sbvd,way,835790392.0,way,835790392.0
sat:poi:3spb7,node,2225378750.0,node,2225378750.0
sat:poi:3t5da,way,1305399449.0,,
sat:poi:3xx4m,node,13159224340.0,node,13159224340.0
sat:poi:3y77m,way,1392291391.0,way,1392291391.0
sat:poi:43wdx,node,1414841722.0,node,1414841722.0
sat:poi:455vg,way,857838617.0,,
sat:poi:459zw,,,node,13097085019.0
sat:poi:46txv,relation,11478821.0,relation,11478821.0
sat:poi:493m8,way,857838616.0,,
sat:poi:495wn,way,237190146.0,way,237190146.0
sat:poi:4anmp,node,12738920397.0,node,12738920397.0
sat:poi:4edkj,relation,11478820.0,,
sat:poi:4f4rw,,,node,12770512759.0
sat:poi:4fge7,relation,15033302.0,relation,15033302.0
sat:poi:4h2nm,way,229605201.0,,
sat:poi:4h53m,node,14027227875.0,node,14027227875.0
sat:poi:4hq25,node,13081071659.0,node,13081071659.0
sat:poi:4je76,node,11075643778.0,node,11075643778.0
sat:poi:4kken,node,13023091918.0,node,13023091918.0
sat:poi:4ncam,node,13943740199.0,node,13943740199.0
sat:poi:4rppv,node,14003389435.0,,
sat:poi:4xvhw,way,290833690.0,,
sat:poi:4y953,way,1145185653.0,way,1145185653.0
sat:poi:4z558,node,4879006116.0,node,4879006116.0
sat:poi:4zkep,node,7815304012.0,node,7815304012.0
sat:poi:55f8n,node,10049770242.0,node,10049770242.0
sat:poi:58ezq,node,5856137503.0,node,5856137503.0
sat:poi:59xam,node,13961598974.0,node,13961598974.0
sat:poi:5a9dh,node,443132454.0,node,443132454.0
sat:poi:5ax55,way,1305276858.0,,
sat:poi:5bvfw,node,14023546865.0,,
sat:poi:5c62v,node,12962274334.0,,
sat:poi:5che8,node,2916728357.0,node,2916728357.0
sat:poi:5hc74,node,1848869435.0,,
sat:poi:5jmyn,way,620328417.0,way,620328417.0
sat:poi:5jqcs,way,223271662.0,way,223271662.0
sat:poi:5k975,node,13041911527.0,node,13041911527.0
sat:poi:5kssn,node,14022546073.0,,
sat:poi:5kxr2,node,14027456239.0,,
sat:poi:5n7pv,way,620363898.0,way,620363898.0
sat:poi:5pwx4,way,322935681.0,way,322935681.0
sat:poi:5qbbt,node,12959406894.0,,
sat:poi:5t3yj,way,226745409.0,way,226745409.0
sat:poi:5t7sg,node,863394827.0,node,863394827.0
sat:poi:5tc44,node,1822980813.0,node,1822980813.0
sat:poi:5tj8c,node,9850643970.0,node,9850643970.0
sat:poi:5tjm9,node,2363203164.0,node,2363203164.0
sat:poi:5wbha,node,794630737.0,node,794630737.0
sat:poi:5y6dm,node,13992691864.0,node,13992691864.0
sat:poi:5zvpv,node,14002250110.0,node,14002250110.0
sat:poi:5zvqw,way,300450541.0,,
sat:poi:622e5,node,2943477517.0,node,2943477517.0
sat:poi:635h5,way,229110282.0,way,229110282.0
sat:poi:644r8,node,5005793728.0,node,5005793728.0
sat:poi:652v2,node,12081127987.0,node,12081127987.0
sat:poi:6564p,node,13039521525.0,node,13039521525.0
sat:poi:65far,node,5798509123.0,node,5798509123.0
sat:poi:67a4d,node,12956347396.0,,
sat:poi:67dh7,,,node,12769968654.0
sat:poi:688nt,,,node,6041645037.0
sat:poi:69m8t,node,864356451.0,node,864356451.0
sat:poi:6ak54,node,364724362.0,node,364724362.0
sat:poi:6b24m,way,292969768.0,way,292969768.0
sat:poi:6bbav,way,222762706.0,,
sat:poi:6d84d,,,node,12190259938.0
sat:poi:6e8px,way,1376954741.0,way,1376954741.0
sat:poi:6f4re,node,13061781619.0,node,13061781619.0
sat:poi:6fn35,way,388325321.0,way,388325321.0
sat:poi:6hgt7,node,12723432176.0,node,12723432176.0
sat:poi:6kv4x,way,248207893.0,way,248207893.0
sat:poi:6mn5j,node,2550378583.0,node,2550378583.0
sat:poi:6n6hj,node,2285332799.0,node,2285332799.0
sat:poi:6p6hb,node,4319184675.0,node,4319184675.0
sat:poi:6p8zd,way,229110281.0,way,229110281.0
sat:poi:6qpzh,node,12085619948.0,node,12085619948.0
sat:poi:6s5v7,node,6516940386.0,node,6516940386.0
sat:poi:6sd6h,node,3053395678.0,node,3053395678.0
sat:poi:6v7wh,way,465662336.0,way,465662336.0
sat:poi:6w3b5,node,4964700616.0,node,4964700616.0
sat:poi:6w5jw,way,229110258.0,way,229110258.0
sat:poi:6yz3t,,,node,13157631495.0
sat:poi:722e9,node,4318305761.0,node,4318305761.0
sat:poi:737xd,node,12738887792.0,node,12738887792.0
sat:poi:74m64,node,7783598695.0,node,7783598695.0
sat:poi:756xr,node,5856137515.0,node,5856137515.0
sat:poi:76qzy,node,9011995676.0,node,9011995676.0
sat:poi:77hss,node,2285332792.0,node,2285332792.0
sat:poi:78qas,node,1392325247.0,node,1392325247.0
sat:poi:7a3jy,node,13160007984.0,node,13160007984.0
sat:poi:7a8eg,,,node,7791350756.0
sat:poi:7ab8p,node,13986196759.0,node,13986196759.0
sat:poi:7am32,way,834634943.0,way,834634943.0
sat:poi:7dkcd,node,12738887790.0,node,12738887790.0
sat:poi:7dwam,node,9011922103.0,node,9011922103.0
sat:poi:7dyp7,way,1528878633.0,way,1528878633.0
sat:poi:7ebqj,way,507890625.0,way,507890625.0
sat:poi:7hegr,way,1089639096.0,way,1089639096.0
sat:poi:7j67w,way,1305287603.0,way,1305287603.0
sat:poi:7jcng,node,8920392568.0,node,8920392568.0
sat:poi:7jrt8,node,2942213712.0,,
sat:poi:7mw8m,node,13068007428.0,,
sat:poi:7tqqb,node,1414841723.0,node,1414841723.0
sat:poi:7vc54,way,696324903.0,way,696324903.0
sat:poi:7xzqc,way,388325198.0,way,388325198.0
sat:poi:7yskn,way,329728728.0,way,329728728.0
sat:poi:7ytre,way,290717946.0,way,290717946.0
sat:poi:7z9gx,node,5008269763.0,node,5008269763.0
sat:poi:8283n,node,1414776607.0,node,1414776607.0
sat:poi:8283n,node,1414776607.0,way,1422807518.0
sat:poi:836c6,way,1534956531.0,,
sat:poi:83pc7,way,1537100141.0,,
sat:poi:83tp9,node,6415002799.0,,
sat:poi:84pdd,node,4964697373.0,node,4964697373.0
sat:poi:85zjp,node,12899347960.0,node,12899347960.0
sat:poi:85zjp,node,12899347960.0,way,1537326185.0
sat:poi:899ca,way,229110257.0,way,229110257.0
sat:poi:89hz7,node,6722964356.0,node,6722964356.0
sat:poi:8bqsq,node,794630742.0,node,794630742.0
sat:poi:8dncm,node,13164756107.0,node,13164756107.0
sat:poi:8ft7b,node,2908787815.0,node,2908787815.0
sat:poi:8gdsa,way,605807585.0,way,605807585.0
sat:poi:8kxjh,node,11941810402.0,node,11941810402.0
sat:poi:8n3kf,way,504184973.0,way,504184973.0
sat:poi:8p6kd,node,5734098673.0,node,5734098673.0
sat:poi:8rm48,way,229110288.0,way,229110288.0
sat:poi:8sb6w,way,1145185654.0,way,1145185654.0
sat:poi:8wsnn,node,12748135109.0,node,12748135109.0
sat:poi:8wtn9,way,247542041.0,way,247542041.0
sat:poi:8y9p9,node,1412263117.0,node,1412263117.0
sat:poi:8z9k8,node,13072501851.0,node,13072501851.0
sat:poi:8zftx,way,1089664761.0,way,1089664761.0
sat:poi:947dr,node,2943477510.0,node,2943477510.0
sat:poi:95d39,node,10948911479.0,node,10948911479.0
sat:poi:964s4,node,12145802009.0,,
sat:poi:978hx,node,12905547872.0,node,12905547872.0
sat:poi:9aj9f,,,way,229110249.0
sat:poi:9ay3e,node,13064822373.0,node,13064822373.0
sat:poi:9bj9d,way,1305276862.0,way,1305276862.0
sat:poi:9bn26,way,247542038.0,way,247542038.0
sat:poi:9bthb,way,1178578023.0,way,1178578023.0
sat:poi:9cpwf,node,13965044888.0,node,13965044888.0
sat:poi:9f68z,node,12690677492.0,node,12690677492.0
sat:poi:9hzqe,node,13943777187.0,node,13943777187.0
sat:poi:9jry6,node,13954334203.0,node,13954334203.0
sat:poi:9kf2w,node,13107588525.0,node,13107588525.0
sat:poi:9kf2w,node,13107588525.0,node,14023546865.0
sat:poi:9m7wv,node,2550380413.0,node,2550380413.0
sat:poi:9m9yn,node,14000899080.0,node,14000899080.0
sat:poi:9p5kn,node,8920392565.0,node,8920392565.0
sat:poi:9qxvg,node,13042690918.0,node,13042690918.0
sat:poi:9rwwe,node,435190209.0,node,435190209.0
sat:poi:9sa42,way,300450537.0,,
sat:poi:9x9zq,node,14028221357.0,node,14028221357.0
sat:poi:9xbg8,node,12118209285.0,,
sat:poi:9xkjj,node,1033001787.0,node,1033001787.0
sat:poi:9xyp5,node,12085564579.0,node,12085564579.0
sat:poi:9y6jx,node,13063312449.0,node,13063312449.0
sat:poi:9z37b,node,5005791361.0,node,5005791361.0
sat:poi:a2j2d,way,1527523039.0,way,1527523039.0
sat:poi:a3nx8,node,12813901080.0,node,12813901080.0
sat:poi:a4jkh,way,1418915972.0,way,1418915972.0
sat:poi:a56dh,,,node,12745161549.0
sat:poi:a5b88,node,4986599082.0,node,4986599082.0
sat:poi:a7yaa,,,node,12748135194.0
sat:poi:a9g3q,way,1425797491.0,way,1425797491.0
sat:poi:aawd4,way,1534931001.0,way,1534931001.0
sat:poi:adffa,node,5856137513.0,node,5856137513.0
sat:poi:afn84,way,422017049.0,way,422017049.0
sat:poi:agrak,node,794630768.0,node,794630768.0
sat:poi:ahtt7,,,node,12735795790.0
sat:poi:aj4jn,way,1305279425.0,way,1305279425.0
sat:poi:ajh9w,node,13826905255.0,node,13826905255.0
sat:poi:akp86,way,186188154.0,way,186188154.0
sat:poi:apw8p,relation,14757966.0,relation,14757966.0
sat:poi:awj76,node,14002366735.0,,
sat:poi:awnk4,node,13987524965.0,node,13987524965.0
sat:poi:aze59,node,10049761782.0,,
sat:poi:b3bvp,node,4958553279.0,node,4958553279.0
sat:poi:b7h76,node,12088425263.0,node,12088425263.0
sat:poi:b7nxb,node,1392309442.0,node,1392309442.0
sat:poi:baaav,way,1413799336.0,way,1413799336.0
sat:poi:bayh6,,,node,9981328487.0
sat:poi:bc4jt,node,12862822557.0,node,12862822557.0
sat:poi:bcscm,node,1032978690.0,node,1032978690.0
sat:poi:bdn8h,node,11079164850.0,node,11079164850.0
sat:poi:bgaf7,way,1304510629.0,,
sat:poi:bhm9p,node,13856234564.0,node,13856234564.0
sat:poi:bjxjx,node,13159921823.0,node,13159921823.0
sat:poi:bkwcw,node,14002933455.0,node,14002933455.0
sat:poi:bpfbr,way,506814565.0,way,506814565.0
sat:poi:bpmgr,way,222762704.0,,
sat:poi:btb63,node,5013691335.0,node,5013691335.0
sat:poi:btdrf,node,12864797308.0,node,12864797308.0
sat:poi:bwsb2,node,13190933132.0,,
sat:poi:bxg3f,way,1388670812.0,way,1388670812.0
sat:poi:by28s,way,265058982.0,way,265058982.0
sat:poi:c25bv,node,14002117405.0,,
sat:poi:c2qvj,node,863423353.0,node,863423353.0
sat:poi:c3xce,node,13158730230.0,node,13158730230.0
sat:poi:c4eve,way,422017054.0,way,422017054.0
sat:poi:c4vhp,node,5670064974.0,node,5670064974.0
sat:poi:c4xct,node,13098115083.0,node,13098115083.0
sat:poi:c5543,node,12210482861.0,node,12210482861.0
sat:poi:c5bst,node,3045387121.0,node,3045387121.0
sat:poi:c6nkw,,,node,12748117664.0
sat:poi:c7xhs,node,2996710481.0,node,2996710481.0
sat:poi:c7zb4,way,322935651.0,way,322935651.0
sat:poi:c828q,node,12861791606.0,node,12861791606.0
sat:poi:c89yp,node,5569009500.0,node,5569009500.0
sat:poi:c8je6,node,3431736753.0,node,3431736753.0
sat:poi:c8z6n,node,10658261600.0,node,10658261600.0
sat:poi:ca4g2,node,683821642.0,node,683821642.0
sat:poi:cbm6r,node,9937193058.0,node,9937193058.0
sat:poi:cbnjd,way,1424973417.0,node,13098060270.0
sat:poi:cbqd2,way,322935663.0,way,322935663.0
sat:poi:cbt7n,way,955904605.0,node,8846898703.0
sat:poi:cbt7n,way,955904605.0,way,955904605.0
sat:poi:cd4yv,node,4963568292.0,node,4963568292.0
sat:poi:cgqy6,way,290833644.0,way,290833644.0
sat:poi:cgszh,node,13943766555.0,node,13943766555.0
sat:poi:chvh9,node,5008269773.0,node,5008269773.0
sat:poi:cmryc,way,292553962.0,way,292553962.0
sat:poi:cp5kv,node,5745003238.0,node,5745003238.0
sat:poi:cq7aq,relation,14757964.0,relation,14757964.0
sat:poi:csj4z,,,way,220389506.0
sat:poi:cswq6,way,1305276861.0,way,1305276861.0
sat:poi:cwaqz,way,223282393.0,,
sat:poi:cxh8j,,,node,13112047863.0
sat:poi:cypg8,node,5798509129.0,node,5798509129.0
sat:poi:d2mv2,node,8841112187.0,node,8841112187.0
sat:poi:d34hq,way,833560682.0,way,833560682.0
sat:poi:d63qb,node,12076565048.0,node,12076565048.0
sat:poi:d69c2,way,222762673.0,,
sat:poi:d9hbs,node,13780498735.0,node,13780498735.0
sat:poi:d9jkk,node,13063317163.0,node,13063317163.0
sat:poi:d9saa,node,13981142695.0,,
sat:poi:da5qa,way,227166928.0,way,227166928.0
sat:poi:da74h,way,222762675.0,,
sat:poi:dbmrp,node,13096093701.0,node,13096093701.0
sat:poi:dbnaq,,,node,12886705448.0
sat:poi:dbvhe,way,1305192611.0,way,1305192611.0
sat:poi:dcaf2,way,329728726.0,way,329728726.0
sat:poi:dcm2b,node,2208328978.0,node,2208328978.0
sat:poi:ddaw2,node,10796713818.0,node,10796713818.0
sat:poi:dfzxd,node,13030354537.0,node,13030354537.0
sat:poi:dhhn9,,,node,13955622486.0
sat:poi:dht6w,node,794630735.0,node,794630735.0
sat:poi:dkshm,node,4936509760.0,node,4936509760.0
sat:poi:dpfvk,node,12861931845.0,node,12861931845.0
sat:poi:dpqes,way,322935632.0,way,322935632.0
sat:poi:dpz3y,,,node,13081270868.0
sat:poi:dq4bj,node,12864742991.0,node,12864742991.0
sat:poi:drrp5,way,229605202.0,,
sat:poi:dsy4g,way,229605203.0,,
sat:poi:dv33y,way,246989960.0,way,246989960.0
sat:poi:dvhdp,,,way,507890626.0
sat:poi:dztmf,node,4389522289.0,node,4389522289.0
sat:poi:e2hzr,way,229605226.0,way,229605226.0
sat:poi:e2sqb,node,2208326930.0,node,2208326930.0
sat:poi:e4tfh,node,863394993.0,node,863394993.0
sat:poi:e82y7,way,698715293.0,way,698715293.0
sat:poi:e8j79,node,13041364818.0,node,13041364818.0
sat:poi:e9267,,,node,12778302898.0
sat:poi:e97a2,way,941508110.0,way,941508110.0
sat:poi:e97e5,node,13164662180.0,node,13164662180.0
sat:poi:ebmh3,node,4986606253.0,node,4986606253.0
sat:poi:ec52a,way,615512178.0,way,615512178.0
sat:poi:ecgfg,way,512145741.0,way,512145741.0
sat:poi:ef5s8,node,2942213743.0,node,2942213743.0
sat:poi:ef9bz,way,292553961.0,way,292553961.0
sat:poi:efta6,node,5008269786.0,node,5008269786.0
sat:poi:eg5ac,node,4958820945.0,node,4958820945.0
sat:poi:ehnwp,way,1203469960.0,way,1203469960.0
sat:poi:ej4zw,way,388325539.0,way,388325539.0
sat:poi:ejkdh,node,6013360089.0,node,6013360089.0
sat:poi:ejn2w,node,3665537335.0,,
sat:poi:ejt9h,node,5845367185.0,node,5845367185.0
sat:poi:ekzkg,node,12864358622.0,node,12864358622.0
sat:poi:embmb,node,822527382.0,node,822527382.0
sat:poi:enxxz,node,794630763.0,node,794630763.0
sat:poi:eqe2j,node,12100561901.0,,
sat:poi:esdwr,way,834655198.0,way,834655198.0
sat:poi:eswrg,node,1414841720.0,node,1414841720.0
sat:poi:ez9qc,node,12862899770.0,node,12862899770.0
sat:poi:f43td,node,14002218333.0,,
sat:poi:f4mjz,node,11080859473.0,node,11080859473.0
sat:poi:f4naz,,,node,12814390356.0
sat:poi:f5656,node,5728810295.0,node,5728810295.0
sat:poi:f57he,node,12151384563.0,node,12151384563.0
sat:poi:f6vsy,node,822563176.0,node,822563176.0
sat:poi:f7eqh,node,6724706158.0,node,6724706158.0
sat:poi:f8bsx,way,465662338.0,way,465662338.0
sat:poi:f9aej,node,3053781979.0,node,3053781979.0
sat:poi:fap7m,node,5860556339.0,node,5860556339.0
sat:poi:fbetp,way,1416109773.0,way,1416109773.0
sat:poi:fe88s,way,435773966.0,way,435773966.0
sat:poi:ff4gr,node,12944955835.0,node,12944955835.0
sat:poi:fgfa4,node,13961732211.0,node,13961732211.0
sat:poi:fhn5g,way,224465745.0,way,224465745.0
sat:poi:fhvww,node,2942213121.0,,
sat:poi:fmwme,node,12961165511.0,,
sat:poi:fntbb,node,13935351868.0,node,13935351868.0
sat:poi:fqw8k,,,node,13144859129.0
sat:poi:fqxgk,,,node,11145662490.0
sat:poi:ftdh5,node,436368336.0,node,436368336.0
sat:poi:fv97k,node,12958498621.0,node,12958498621.0
sat:poi:fvjxc,node,13065225866.0,node,13065225866.0
sat:poi:fwaj8,way,1535142231.0,way,1535142231.0
sat:poi:fwfmy,,,node,12892241515.0
sat:poi:fwpgg,,,node,12759232983.0
sat:poi:fy56d,way,1305281226.0,way,1305281226.0
sat:poi:fzzma,node,12925929671.0,,
sat:poi:g2kca,node,1401993169.0,node,1401993169.0
sat:poi:g3k29,node,12090393146.0,node,12090393146.0
sat:poi:g3ppd,way,427182337.0,way,427182337.0
sat:poi:g4b6r,way,222762700.0,,
sat:poi:g4v79,node,1414776609.0,node,1414776609.0
sat:poi:g4zk2,way,1395293068.0,way,1395293068.0
sat:poi:g565e,way,715392362.0,way,715392362.0
sat:poi:g5xf7,way,1408630662.0,way,1408630662.0
sat:poi:g8v3q,node,2908785465.0,node,2908785465.0
sat:poi:gbhad,node,5006428827.0,node,5006428827.0
sat:poi:gc95d,way,229110286.0,way,229110286.0
sat:poi:gdtt5,node,13982007524.0,,
sat:poi:gfv5w,node,13957632584.0,node,13957632584.0
sat:poi:gfyya,node,1611299266.0,node,1611299266.0
sat:poi:ghgfg,node,11231068339.0,node,11231068339.0
sat:poi:ght3f,way,222182589.0,way,222182589.0
sat:poi:gjaxf,way,222170774.0,way,222170774.0
sat:poi:gmwge,way,1535070478.0,way,1535070478.0
sat:poi:gn35x,node,4990429702.0,node,4990429702.0
sat:poi:gq3qn,node,6561227622.0,node,6561227622.0
sat:poi:gqg6p,way,615513435.0,way,615513435.0
sat:poi:gqgsx,node,4239095028.0,node,4239095028.0
sat:poi:gsx9c,node,14002873500.0,node,14002873500.0
sat:poi:gt7g7,node,1412276022.0,node,1412276022.0
sat:poi:gtd3p,node,9981328446.0,node,9981328446.0
sat:poi:gvh9x,,,node,13097212671.0
sat:poi:gxfc3,way,432992658.0,way,432992658.0
sat:poi:gysy6,node,14026909991.0,node,14026909991.0
sat:poi:h28xa,node,13068195359.0,node,13068195359.0
sat:poi:h4ben,way,301259865.0,way,301259865.0
sat:poi:h584q,node,1414776582.0,node,1414776582.0
sat:poi:h5vam,node,13037259125.0,node,13037259125.0
sat:poi:h5y4c,,,node,5856137370.0
sat:poi:h9rbs,node,12070083980.0,node,12070083980.0
sat:poi:haq8d,node,7784414173.0,node,7784414173.0
sat:poi:hcdyf,node,4962580122.0,node,4962580122.0
sat:poi:hdy4g,way,229110262.0,way,229110262.0
sat:poi:hf5wd,node,13030354538.0,node,13030354538.0
sat:poi:hfc5p,node,5008269746.0,node,5008269746.0
sat:poi:hfham,node,13014966006.0,node,13014966006.0
sat:poi:hfwge,node,13826859993.0,node,13826859993.0
sat:poi:hmef5,node,8920392566.0,node,4694016917.0
sat:poi:hmef5,node,8920392566.0,node,8920392566.0
sat:poi:hpy7b,node,13820131465.0,,
sat:poi:hpzqx,way,229605204.0,,
sat:poi:hr6cm,node,863394740.0,node,863394740.0
sat:poi:ht9c2,node,426925732.0,node,426925732.0
sat:poi:hvm2x,way,1236446195.0,way,1236446195.0
sat:poi:hvp94,node,13081283759.0,node,13081283759.0
sat:poi:j7p3d,way,757247928.0,way,757247928.0
sat:poi:ja4vn,node,13951966086.0,node,13951966086.0
sat:poi:jap84,way,229605200.0,,
sat:poi:jbdd6,node,800689265.0,node,800689265.0
sat:poi:jg4w4,way,1416789353.0,way,1416789353.0
sat:poi:jn6qh,node,5008269767.0,,
sat:poi:jndv4,node,7997530880.0,node,7997530880.0
sat:poi:jr83r,relation,10694817.0,relation,10694817.0
sat:poi:jtevx,node,1350571499.0,node,1350571499.0
sat:poi:jva64,node,4308918510.0,node,4308918510.0
sat:poi:jwkmw,node,443132453.0,node,443132453.0
sat:poi:k2pv3,way,1192092028.0,way,1192092028.0
sat:poi:k39nr,way,227166926.0,way,227166926.0
sat:poi:kaq8k,node,1414841724.0,,
sat:poi:kbjpq,way,300450545.0,way,300450545.0
sat:poi:kbxxd,node,2916662097.0,node,2916662097.0
sat:poi:kd5af,node,5028980498.0,node,5028980498.0
sat:poi:kdwzg,node,14002219440.0,node,14002219440.0
sat:poi:kex96,way,833889554.0,way,833889554.0
sat:poi:kg3cy,node,5025049877.0,node,5025049877.0
sat:poi:kgy64,node,2943477509.0,node,2943477509.0
sat:poi:kkevg,node,9936118752.0,node,9936118752.0
sat:poi:kqfbg,way,226043396.0,way,226043396.0
sat:poi:krbvq,node,4217053868.0,node,4217053868.0
sat:poi:ks8ft,way,186188147.0,way,186188147.0
sat:poi:kw8nt,way,383557275.0,way,383557275.0
sat:poi:kwvxw,node,14022481830.0,node,14022481830.0
sat:poi:kww5g,way,1423399408.0,way,1423399408.0
sat:poi:kwwh8,node,12849416944.0,node,12849416944.0
sat:poi:kyef6,node,13100147504.0,node,13100147504.0
sat:poi:kzfw6,node,12864971430.0,node,12864971430.0
sat:poi:kztar,way,229605231.0,way,229605231.0
sat:poi:m438y,node,12072082597.0,node,12072082597.0
sat:poi:m49wz,node,2451364941.0,node,2451364941.0
sat:poi:m696y,node,13096119643.0,node,13096119643.0
sat:poi:m7fxz,way,290717945.0,way,290717945.0
sat:poi:m8k9n,node,13030994018.0,node,13030994018.0
sat:poi:ma2dr,node,2550378999.0,node,2550378999.0
sat:poi:maha6,node,1401739421.0,node,1401739421.0
sat:poi:mayra,way,301302737.0,way,301302737.0
sat:poi:mbqd3,way,952015945.0,,
sat:poi:mbw82,,,node,12744311542.0
sat:poi:mfg28,node,2495934893.0,node,2495934893.0
sat:poi:mhj78,node,6089481566.0,node,6089481566.0
sat:poi:mpmms,way,940431496.0,way,940431496.0
sat:poi:mr2z6,way,1305192614.0,way,1305192614.0
sat:poi:mrc9c,node,13991749415.0,node,13991749415.0
sat:poi:mrrfw,way,1089639083.0,way,1089639083.0
sat:poi:mrx89,way,229110259.0,way,229110259.0
sat:poi:mt8et,node,4963568623.0,node,4963568623.0
sat:poi:mts37,node,5745003239.0,node,5745003239.0
sat:poi:mxxwb,node,863394662.0,node,863394662.0
sat:poi:n2avm,node,14003343933.0,,
sat:poi:n3trh,node,5028980497.0,node,5028980497.0
sat:poi:n47kg,node,4990875342.0,node,4990875342.0
sat:poi:n5d79,node,1611299267.0,node,1611299267.0
sat:poi:n5xs6,node,5008269766.0,node,5008269766.0
sat:poi:n6mfb,node,268910308.0,node,268910308.0
sat:poi:n6qbm,node,13057537355.0,node,13057537355.0
sat:poi:n7j6n,way,295911314.0,,
sat:poi:n83ax,node,473209671.0,node,473209671.0
sat:poi:n83ax,node,473209671.0,way,39504808.0
sat:poi:n8zg9,way,1305192609.0,way,1305192609.0
sat:poi:n9jtx,node,11092271868.0,node,11092271868.0
sat:poi:n9w34,node,13050416339.0,node,13050416339.0
sat:poi:nb7ca,node,14017263426.0,node,14017263426.0
sat:poi:nc7p6,node,863423311.0,node,863423311.0
sat:poi:nc8x6,node,12864952792.0,node,12864952792.0
sat:poi:nd8fv,node,12864902808.0,node,12864902808.0
sat:poi:ndc3n,way,1108943075.0,way,1108943075.0
sat:poi:nf7y3,way,833809121.0,,
sat:poi:nhheb,node,802627515.0,node,802627515.0
sat:poi:nj3na,node,5032768703.0,node,5032768703.0
sat:poi:njv5p,way,506100183.0,way,506100183.0
sat:poi:nkbxw,way,1430220500.0,way,1430220500.0
sat:poi:nmey8,node,864623405.0,node,864623405.0
sat:poi:nqrdz,node,5745003241.0,node,5745003241.0
sat:poi:nsjj5,node,5728811330.0,node,5728811330.0
sat:poi:nvh64,node,6535493386.0,node,6535493386.0
sat:poi:p5ty6,node,14002265057.0,,
sat:poi:p7fan,way,1393060482.0,,
sat:poi:p8c9k,node,12946707428.0,node,12946707428.0
sat:poi:pbjg2,node,1848869434.0,node,1848869434.0
sat:poi:pbx3k,way,1416109141.0,way,1416109141.0
sat:poi:pcq7t,,,node,12992249253.0
sat:poi:pcq7t,,,node,13045921461.0
sat:poi:pd56m,,,node,12723107960.0
sat:poi:pe68b,node,5005794340.0,node,5005794340.0
sat:poi:pgvnq,node,5856137504.0,,
sat:poi:phs5t,node,13937646792.0,node,13937646792.0
sat:poi:pja4r,way,231008287.0,way,231008287.0
sat:poi:pm382,node,14027506532.0,node,14027506532.0
sat:poi:pp4qy,node,13052360067.0,node,13052360067.0
sat:poi:ppbec,node,8968325939.0,node,8968325939.0
sat:poi:ptr6q,node,14014496535.0,node,14014496535.0
sat:poi:pvz9y,node,13157558827.0,node,13157558827.0
sat:poi:pxk3g,node,2960940412.0,node,2960940412.0
sat:poi:pympa,way,64790790.0,way,64790790.0
sat:poi:q5t53,way,1408810518.0,way,1408810518.0
sat:poi:qa4h2,way,222762652.0,,
sat:poi:qannr,way,1317165259.0,way,1317165259.0
sat:poi:qexp5,node,13067993747.0,,
sat:poi:qg36e,node,13100145836.0,node,13100145836.0
sat:poi:qgbc4,node,12958356256.0,node,12958356256.0
sat:poi:qgkkp,way,771056534.0,,
sat:poi:qhcjf,way,1416467437.0,way,1416467437.0
sat:poi:qjb2v,way,222762705.0,,
sat:poi:qkzkf,node,863394751.0,node,863394751.0
sat:poi:qnpbj,node,7934205500.0,node,7934205500.0
sat:poi:qphn7,way,1304510630.0,,
sat:poi:qvqz3,way,1540799482.0,,
sat:poi:qzys6,node,14001148801.0,node,14001148801.0
sat:poi:r258p,way,832213123.0,way,832213123.0
sat:poi:r2q53,node,12765919450.0,node,12765919450.0
sat:poi:r3kj5,node,13826942443.0,node,13826942443.0
sat:poi:r88rc,way,300450539.0,,
sat:poi:r8fer,node,13758241640.0,node,13758241640.0
sat:poi:rcx5k,node,8846898703.0,,
sat:poi:reays,node,13985578096.0,node,13985578096.0
sat:poi:res42,node,9907275660.0,node,9907275660.0
sat:poi:rfbfr,node,13081071658.0,node,13081071658.0
sat:poi:rfcyg,way,451870308.0,way,451870308.0
sat:poi:rjyg9,node,12942415533.0,node,12942415533.0
sat:poi:rnhd3,,,node,13096084423.0
sat:poi:rpq5x,way,495386320.0,way,495386320.0
sat:poi:rrmxy,way,1089639090.0,way,1089639090.0
sat:poi:rxv5b,way,322935628.0,,
sat:poi:s4wt8,node,1412248135.0,node,1412248135.0
sat:poi:s57r5,node,5005120551.0,node,5005120551.0
sat:poi:s5w7y,node,863423228.0,node,863423228.0
sat:poi:s7h5m,node,12964236566.0,node,12964236566.0
sat:poi:s8ha8,node,5744466280.0,node,5744466280.0
sat:poi:s8qkq,node,14027227874.0,node,14027227874.0
sat:poi:s8wye,way,322949084.0,way,322949084.0
sat:poi:s95g7,way,793271425.0,way,793271425.0
sat:poi:sa2je,node,13149334415.0,node,13149334415.0
sat:poi:scqp2,node,5028980495.0,node,5028980495.0
sat:poi:sddpx,node,13982153564.0,node,13982153564.0
sat:poi:sf22g,node,13922924501.0,node,13922924501.0
sat:poi:sf2xa,way,220390584.0,way,220390584.0
sat:poi:sfedf,node,12915366457.0,node,12915366457.0
sat:poi:sfvgj,way,455176644.0,way,455176644.0
sat:poi:sg94k,way,835790394.0,,
sat:poi:sj4sa,,,node,13013411958.0
sat:poi:sjg5a,node,12740326708.0,node,12740326708.0
sat:poi:sjwtd,node,424073481.0,node,424073481.0
sat:poi:sk9xr,node,1611299317.0,node,1611299317.0
sat:poi:sme3b,node,4308897343.0,node,4308897343.0
sat:poi:snfzx,node,12913032579.0,,
sat:poi:spmav,way,1087587115.0,,
sat:poi:sqgs6,node,13953909169.0,,
sat:poi:sqn4z,way,222762713.0,,
sat:poi:szg6p,node,3297305397.0,node,3297305397.0
sat:poi:szj7b,way,329728793.0,way,329728793.0
sat:poi:t5tb5,node,802627527.0,node,802627527.0
sat:poi:t5tq8,way,1376426246.0,way,1376426246.0
sat:poi:t6rmc,,,node,863394725.0
sat:poi:t6xyk,way,227166923.0,way,227166923.0
sat:poi:t7fj6,node,11092271865.0,node,11092271865.0
sat:poi:t7zen,node,4314791694.0,node,4314791694.0
sat:poi:tadtz,way,72716859.0,way,72716859.0
sat:poi:tb53d,node,11079164849.0,node,11079164849.0
sat:poi:teske,way,222762671.0,way,222762671.0
sat:poi:tf7f8,,,node,12849416949.0
sat:poi:tfkxa,way,1305276860.0,,
sat:poi:tfzf9,way,292553972.0,way,292553972.0
sat:poi:tgnr4,node,13100103357.0,node,13100103357.0
sat:poi:tgv45,,,node,12771043917.0
sat:poi:tjc9x,way,1390699454.0,way,1390699454.0
sat:poi:tjg85,node,1315254172.0,node,1315254172.0
sat:poi:tjmkq,node,13191084294.0,node,13191084294.0
sat:poi:tm9rf,,,node,12749566542.0
sat:poi:tmd8m,,,node,7791335090.0
sat:poi:ts37b,way,1385588405.0,way,1385588405.0
sat:poi:tthde,node,2996710479.0,node,2996710479.0
sat:poi:ttpbg,node,13098083627.0,node,13098083627.0
sat:poi:tyg7z,node,13144169970.0,node,13144169970.0
sat:poi:tzg3r,,,node,13935301509.0
sat:poi:v2vea,node,4936508701.0,node,4936508701.0
sat:poi:v3p96,node,13977390456.0,node,13977390456.0
sat:poi:v57nn,way,513323289.0,way,513323289.0
sat:poi:v5cje,node,8870415588.0,node,8870415588.0
sat:poi:v7nwd,way,290833669.0,way,290833669.0
sat:poi:v8ygk,way,589299279.0,way,589299279.0
sat:poi:vbqgx,node,9731151622.0,node,9731151622.0
sat:poi:vck8t,way,229605225.0,,
sat:poi:vjccg,way,1539761038.0,way,1539761038.0
sat:poi:vs2ba,node,13061745475.0,node,13061745475.0
sat:poi:vst38,way,715392360.0,way,715392360.0
sat:poi:vw972,node,8920392567.0,node,8920392567.0
sat:poi:vx26z,way,226055613.0,way,226055613.0
sat:poi:vxav8,node,4428110501.0,node,4428110501.0
sat:poi:vxeh8,,,node,7791350755.0
sat:poi:vy4kk,way,388325250.0,way,388325250.0
sat:poi:vzx7f,way,290833701.0,way,290833701.0
sat:poi:w2cd9,way,1089639080.0,way,1089639080.0
sat:poi:w3rmg,node,268910309.0,node,268910309.0
sat:poi:w4ahh,,,node,12662333661.0
sat:poi:w4jmw,way,1377185410.0,way,1377185410.0
sat:poi:w4res,way,248207918.0,way,248207918.0
sat:poi:w5555,node,12098638761.0,node,12098638761.0
sat:poi:w5jgg,node,14022240647.0,node,14022240647.0
sat:poi:w6dv3,way,222762695.0,,
sat:poi:wc6hp,node,4385101588.0,node,4385101588.0
sat:poi:wcat5,node,4694016917.0,,
sat:poi:wfdxn,node,5008269761.0,node,5008269761.0
sat:poi:wftpd,way,1415844039.0,way,1415844039.0
sat:poi:wgqpn,way,227701074.0,way,227701074.0
sat:poi:wkhdd,way,455176642.0,way,455176642.0
sat:poi:wkrcb,way,1087587113.0,,
sat:poi:wn923,node,13956211801.0,node,13956211801.0
sat:poi:wteat,,,node,13061778916.0
sat:poi:wya3t,node,5860551264.0,node,5860551264.0
sat:poi:wyr7b,node,13057049542.0,node,13057049542.0
sat:poi:wzbpb,node,5031029738.0,node,5031029738.0
sat:poi:wzwgn,node,13190933131.0,node,13190933131.0
sat:poi:x2v58,node,1414776627.0,,
sat:poi:x2z6r,way,295918078.0,way,295918078.0
sat:poi:x386f,node,5728811148.0,node,5728811148.0
sat:poi:x3rjc,node,14028221358.0,node,14028221358.0
sat:poi:x3vvp,node,13057049541.0,node,13057049541.0
sat:poi:x5n34,node,863394727.0,node,863394727.0
sat:poi:x5weh,way,836707934.0,way,836707934.0
sat:poi:xa7dh,,,node,1415205380.0
sat:poi:xbfe6,,,way,227528964.0
sat:poi:xczb8,way,229110254.0,way,229110254.0
sat:poi:xczv5,node,13164590454.0,node,13164590454.0
sat:poi:xfnk5,node,13147022481.0,node,13147022481.0
sat:poi:xfvs9,node,2908785488.0,node,2908785488.0
sat:poi:xh547,way,833557518.0,way,833557518.0
sat:poi:xhjt5,node,2295166432.0,node,2295166432.0
sat:poi:xmt79,way,1377169457.0,way,1377169457.0
sat:poi:xnqgh,way,287245651.0,,
sat:poi:xq55x,,,node,13078034117.0
sat:poi:xqrbw,node,12815485678.0,node,12815485678.0
sat:poi:xrrt5,way,287508490.0,,
sat:poi:xswmg,way,506814567.0,way,506814567.0
sat:poi:xvppf,node,7788504063.0,node,7788504063.0
sat:poi:xvvxc,node,14028200427.0,,
sat:poi:xxxxx,,,node,14002366735.0
sat:poi:xzp8m,node,13932136052.0,node,13992112222.0
sat:poi:xzp8m,node,13992112222.0,node,13992112222.0
sat:poi:y2cyg,node,268908517.0,node,268908517.0
sat:poi:y4e84,node,476813520.0,node,476813520.0
sat:poi:y4ec9,way,1415879312.0,way,1415879312.0
sat:poi:ya8zc,node,12918631363.0,node,12918631363.0
sat:poi:yb796,way,620363915.0,way,620363915.0
sat:poi:ybc97,node,13190921824.0,node,13190921824.0
sat:poi:yfgph,node,2916732974.0,node,2916732974.0
sat:poi:ygvn4,node,12880191432.0,node,12880191432.0
sat:poi:yj79j,way,698721758.0,way,698721758.0
sat:poi:yjaxe,node,12736722603.0,node,12736722603.0
sat:poi:ykc69,node,14002239525.0,node,14002239525.0
sat:poi:ym7a6,node,4330930121.0,node,4330930121.0
sat:poi:ymn3b,node,5798509131.0,node,5798509131.0
sat:poi:yn39g,node,4308918509.0,,
sat:poi:yq34f,way,322935629.0,way,322935629.0
sat:poi:ys2ep,node,2550378600.0,node,2550378600.0
sat:poi:ys3ma,way,455176637.0,way,455176637.0
sat:poi:ysez3,way,64790110.0,way,64790110.0
sat:poi:yx5sq,node,13981318501.0,node,13981318501.0
sat:poi:yy5yn,node,5005120552.0,node,5005120552.0
sat:poi:yz9hq,node,12736629494.0,node,12736629494.0
sat:poi:yzwse,way,383557266.0,way,383557266.0
sat:poi:yzz3c,node,13107588526.0,node,13107588526.0
sat:poi:z2nrn,way,400255324.0,,
sat:poi:z3q4b,node,426925731.0,node,426925731.0
sat:poi:z4mbp,,,node,13063609062.0
sat:poi:z4nd8,node,13096050076.0,node,13096050076.0
sat:poi:z4nmc,node,12722707517.0,node,12722707517.0
sat:poi:z4xn4,node,6896453268.0,node,6896453268.0
sat:poi:zb6at,,,node,13047936490.0
sat:poi:zba29,way,258778160.0,way,258778160.0
sat:poi:zhjbw,node,8980934258.0,node,8980934258.0
sat:poi:zkdpn,node,5012735219.0,node,5012735219.0
sat:poi:zmcn4,node,2908787775.0,node,2908787775.0
sat:poi:zmh6w,node,5745003240.0,node,5745003240.0
sat:poi:zn58x,node,13983409985.0,,
sat:poi:zqc6r,node,12881274960.0,node,12881274960.0
sat:poi:zqc9j,node,2943477507.0,node,2943477507.0
sat:poi:zt9z4,node,443132455.0,node,443132455.0
sat:poi:zwe2s,,,node,2358865054.0
sat:poi:zxfmt,way,431663147.0,way,431663147.0
sat:poi:zxxhc,node,5630510921.0,node,5630510921.0
sat:poi:zym9m,way,222762718.0,,
sat:poi:zz9fn,node,4973122618.0,,
sat:section:2fxg6,,,relation,19079703.0
sat:section:33r32,,,relation,19012654.0
sat:section:3hz5y,,,relation,19023687.0
sat:section:3zc33,,,relation,19660280.0
sat:section:5cg25,,,relation,19013472.0
sat:section:6agsx,,,relation,19013576.0
sat:section:72x3g,,,relation,19018272.0
sat:section:b49zp,,,relation,19023630.0
sat:section:cp9g9,,,relation,19081125.0
sat:section:fhf88,,,relation,19020231.0
sat:section:jzby6,,,relation,19014515.0
sat:section:nhy68,,,relation,19012436.0
sat:section:npbr9,,,relation,19016280.0
sat:section:phb3z,,,relation,19013473.0
sat:section:rp7pt,,,relation,19014571.0
sat:section:sqqy9,,,relation,19015969.0
shr:100747,,,node,13945706401.0
shr:100766,,,node,13945729201.0
shr:100860,,,node,13906349301.0
shr:101476,,,node,13909393401.0
shr:101478,,,node,13909384901.0
shr:103326,,,node,13909377401.0
shr:106733,,,node,13945689201.0
shr:106779,,,node,14020231001.0
shr:107080,,,node,14022468501.0
shr:23722,,,node,12805053401.0
shr:41557,,,node,6535493385.0
shr:55555,,,node,13068560201.0
shr:5627,,,node,13906338701.0
shr:58471,,,node,13063733001.0
shr:78974,,,node,13909066697.0
shr:79003,,,node,7996790135.0
shr:79716,,,node,13909115801.0
shr:80691,,,node,12811267201.0
shr:86788,,,node,12804831701.0
shr:87222,,,node,12804717601.0
shr:88483,,,node,13909289123.0
shr:93812,,,node,13909156301.0
shr:99211,,,node,13068655901.0
unknown,,,node,800808700.0
unknown,,,node,863394672.0
unknown,,,node,863394760.0
unknown,,,node,1414776627.0
unknown,,,node,2285331215.0
unknown,,,node,2379276238.0
unknown,,,node,2544129249.0
unknown,,,node,2550380437.0
unknown,,,node,2942213742.0
unknown,,,node,4239095072.0
unknown,,,node,4900324409.0
unknown,,,node,4930945229.0
unknown,,,node,4936508702.0
unknown,,,node,4964697340.0
unknown,,,node,5745003236.0
unknown,,,node,5749262789.0
unknown,,,node,5860556435.0
unknown,,,node,5866457027.0
unknown,,,node,6652974964.0
unknown,,,node,6696813633.0
unknown,,,node,7056186809.0
unknown,,,node,7817708463.0
unknown,,,node,8880718355.0
unknown,,,node,9141418273.0
unknown,,,node,9724390439.0
unknown,,,node,9964716260.0
unknown,,,node,10657352922.0
unknown,,,node,11148075050.0
unknown,,,node,11148146209.0
unknown,,,node,11153211515.0
unknown,,,node,11942878776.0
unknown,,,node,12089216143.0
unknown,,,node,12691618938.0
unknown,,,node,12722761765.0
unknown,,,node,12722789033.0
unknown,,,node,12722789034.0
unknown,,,node,12736629495.0
unknown,,,node,12738887791.0
unknown,,,node,12740398797.0
unknown,,,node,12740404960.0
unknown,,,node,12740540028.0
unknown,,,node,12748117658.0
unknown,,,node,12778243911.0
unknown,,,node,12782610013.0
unknown,,,node,12805742901.0
unknown,,,node,12805751201.0
unknown,,,node,12805766201.0
unknown,,,node,12809240302.0
unknown,,,node,12809454601.0
unknown,,,node,12836972901.0
unknown,,,node,12849416935.0
unknown,,,node,12865440356.0
unknown,,,node,12874566169.0
unknown,,,node,12896559427.0
unknown,,,node,12903206306.0
unknown,,,node,12908913865.0
unknown,,,node,12912946927.0
unknown,,,node,12912985261.0
unknown,,,node,12913004658.0
unknown,,,node,12913032579.0
unknown,,,node,12925929671.0
unknown,,,node,12942128203.0
unknown,,,node,13037718201.0
unknown,,,node,13053318662.0
unknown,,,node,13069095802.0
unknown,,,node,13076091033.0
unknown,,,node,13105360460.0
unknown,,,node,13116509991.0
unknown,,,node,13116509992.0
unknown,,,node,13116509993.0
unknown,,,node,13144299619.0
unknown,,,node,13144410779.0
unknown,,,node,13160006196.0
unknown,,,node,13760262385.0
unknown,,,node,13925035435.0
unknown,,,node,13925221954.0
unknown,,,node,13925250663.0
unknown,,,node,13925256442.0
unknown,,,node,13925322125.0
unknown,,,node,13925452748.0
unknown,,,node,13925508657.0
unknown,,,node,13925511367.0
unknown,,,node,13925849375.0
unknown,,,node,13925857327.0
unknown,,,node,13925865298.0
unknown,,,node,13925871486.0
unknown,,,node,13925952606.0
unknown,,,node,13930058601.0
unknown,,,node,13931854965.0
unknown,,,node,13931862152.0
unknown,,,node,13943229014.0
unknown,,,node,13943852950.0
unknown,,,node,13947244421.0
unknown,,,node,13947774319.0
unknown,,,node,13947777395.0
unknown,,,node,13981142695.0
unknown,,,node,13983383701.0
unknown,,,node,13984056801.0
unknown,,,node,13987968301.0
unknown,,,node,13992967045.0
unknown,,,node,13992967046.0
unknown,,,node,14002218333.0
unknown,,,node,14003020658.0
unknown,,,node,14003129088.0
unknown,,,node,14003389435.0
unknown,,,node,14004499739.0
unknown,,,node,14019326401.0
unknown,,,node,14022481833.0
unknown,,,node,14028200427.0
unknown,,,node,14028221359.0
unknown,,,node,14030422960.0
unknown,,,way,8109379.0
unknown,,,way,24811650.0
unknown,,,way,24846389.0
unknown,,,way,25045412.0
unknown,,,way,186188151.0
unknown,,,way,186188152.0
unknown,,,way,219372725.0
unknown,,,way,223271139.0
unknown,,,way,226055517.0
unknown,,,way,227699562.0
unknown,,,way,227774456.0
unknown,,,way,229110297.0
unknown,,,way,316767178.0
unknown,,,way,322949033.0
unknown,,,way,322949078.0
unknown,,,way,322949097.0
unknown,,,way,383557276.0
unknown,,,way,383557299.0
unknown,,,way,388325219.0
unknown,,,way,388325263.0
unknown,,,way,388325411.0
unknown,,,way,465662321.0
unknown,,,way,473046134.0
unknown,,,way,511936203.0
unknown,,,way,958701083.0
unknown,,,way,1193228226.0
unknown,,,way,1305399445.0
unknown,,,way,1305399446.0
unknown,,,way,1379277501.0
unknown,,,way,1389899659.0
unknown,,,way,1389909894.0
unknown,,,way,1391084660.0
unknown,,,way,1391084662.0
unknown,,,way,1425904357.0
unknown,,,way,1435205689.0
unknown,,,way,1449298611.0
unknown,,,way,1530406934.0
unknown,,,way,1533863291.0
unknown,,,way,1534956531.0
unknown,,,way,1537100141.0
unknown,,,way,1540858829.0
unknown,,,way,1540858830.0
unknown,,,way,1540959335.0
unknown,,,way,1541011648.0
unknown,,,relation,2663146.0
unknown,,,relation,3030279.0
unknown,,,relation,4173351.0
unknown,,,relation,6315443.0
unknown,,,relation,6462670.0
unknown,,,relation,6930812.0
unknown,,,relation,7145257.0
unknown,,,relation,8346534.0
unknown,,,relation,10694823.0
unknown,,,relation,11478794.0
unknown,,,relation,11678328.0
unknown,,,relation,12893696.0
unknown,,,relation,14477930.0
unknown,,,relation,19451276.0
