,vehicle_id,trip_id,route_id,lat,lon,agency_id,route_short_name,route_type,agency_name
0,9031001001004806,14010000724325416,,59.31143569946289,18.098588943481445,,,,
1,9031001001004825,14010000686175833,,59.31017303466797,18.09549903869629,,,,
2,9031001004505580,14010000721147860,,59.75911331176758,18.697059631347656,,,,
3,9031001003005037,14010000597113467,,59.175472259521484,18.142440795898438,,,,
4,9031001006502243,14010000729215016,,59.240604400634766,17.985219955444336,,,,
5,9031001001001540,14010000692075993,,59.317420959472656,18.07018280029297,,,,
6,9031001004505162,14010000720821814,,59.443389892578125,18.09811019897461,,,,
7,9031001003005052,14010000723738971,,59.17317581176758,18.17052459716797,,,,
8,9031001003005363,14010000691057366,,59.28736114501953,18.472190856933594,,,,
9,9031001007500531,14010200693937258,,59.323978424072266,18.094270706176758,,,,
10,9031001001007183,14010000717645843,,59.37086868286133,18.21303939819336,,,,
11,9031001003002811,14010000723019659,,59.28459548950195,17.968656539916992,,,,
12,9031001003005509,14010000723820863,,59.28004837036133,18.075626373291016,,,,
13,9031001003005330,14010000726150899,,59.319549560546875,18.079179763793945,,,,
14,9031001001004133,14010000723304918,,59.42904281616211,17.94843864440918,,,,
15,9031001001007169,14010000689090273,,59.31684112548828,18.045913696289062,,,,
16,9031001003002788,14010000723019618,,59.27935791015625,18.006872177124023,,,,
17,9031001001004043,14010000717645763,,59.35759353637695,18.10236167907715,,,,
18,9031001003005461,14010000720511240,,59.27998733520508,17.960695266723633,,,,
19,9031001003005039,14010000730347386,,59.19441223144531,18.06117820739746,,,,
20,9031001004500464,14010000720568054,,59.61137008666992,17.821502685546875,,,,
21,9031001003005543,14010000720509796,,59.29801940917969,18.073619842529297,,,,
22,9031001003002770,14010000689266806,,59.200130462646484,17.834087371826172,,,,
23,9031001000700471,14010200692211856,,59.332122802734375,18.0621395111084,,,,
24,9031001001500433,14010000700433738,,59.26274108886719,18.12882423400879,,,,
25,9031001003005324,14010000722224087,,59.35123062133789,18.27829360961914,,,,
26,9031001008000636,14010000691584281,,59.324405670166016,18.0921630859375,,,,
27,9031001001007202,14010000686189360,,59.32865524291992,18.061769485473633,,,,
28,9031001004500471,14010000720568253,,59.62910461425781,17.86099624633789,,,,
29,9031001007087653,14010000719416988,,59.29326248168945,18.063634872436523,,,,
30,9031001003005038,14010000725977586,,59.193572998046875,18.181758880615234,,,,
31,9031001001507300,14010000701148187,,59.258079528808594,17.869789123535156,,,,
32,9031001003005079,14010000698073587,,59.18574905395508,18.135417938232422,,,,
33,9031001001004691,14010000717092164,,59.341278076171875,17.88068962097168,,,,
34,9031001004500475,14010000720567850,,59.625953674316406,17.722070693969727,,,,
35,9031001004505143,14010000725352564,,59.43357467651367,18.079038619995117,,,,
36,9031001003005318,14010000691056906,,59.30931091308594,18.12377166748047,,,,
37,9031001003005100,14010000723744632,,59.14372253417969,18.434097290039062,,,,
38,9031001001004631,14010000693483243,,59.38378143310547,17.9456729888916,,,,
39,9031001003005078,14010000722591715,,58.97755813598633,17.912094116210938,,,,
40,9031001003004967,14010000730585919,,58.90167236328125,17.94873809814453,,,,
41,9031001003003507,14010000605017274,,59.48529052734375,17.73931312561035,,,,
42,9031001002500172,,9011001001900000,59.346397399902344,17.88893699645996,505000000000000001,19,401,AB SL Kundtjänst
43,9031001004505572,14010000721160101,,60.05331039428711,18.77118682861328,,,,
44,9031001001004903,14010000717093383,,59.4144401550293,17.964929580688477,,,,
45,9031001004584477,14010000725098506,,59.3468017578125,18.07005500793457,,,,
46,9031001003005346,14010000726150508,,59.31563186645508,18.16971778869629,,,,
47,9031001003003489,14010000688996854,,59.1847038269043,17.660518646240234,,,,
48,9031001003002759,14010000720510755,,59.21247863769531,17.883892059326172,,,,
49,9031001004505052,14010000731072270,,59.43307876586914,17.99350929260254,,,,
50,9031001003005081,14010000586306813,,59.261077880859375,18.10763931274414,,,,
51,9031001001004849,,9011001023800000,59.35151672363281,18.151521682739258,505000000000000001,238,700,AB SL Kundtjänst
52,9031001001004012,14010000686288083,,59.34731674194336,18.1075382232666,,,,
53,9031001003005089,14010000730585800,,58.99760437011719,17.798433303833008,,,,
54,9031001003005582,14010000723820778,,59.27876663208008,18.009952545166016,,,,
55,9031001003005387,14010000722223717,,59.311439514160156,18.20709991455078,,,,
56,9031001003003571,14010000702693016,,59.4036865234375,17.86771011352539,,,,
57,9031001001004810,14010000724325631,,59.31745529174805,18.051593780517578,,,,
58,9031001006502943,14010000731113050,,59.195247650146484,17.7867488861084,,,,
59,9031001004505170,14010000726322217,,59.390296936035156,18.042144775390625,,,,
60,9031001003003579,14010000670448532,,59.403404235839844,17.867334365844727,,,,
61,9031001003007691,14010000688996661,,59.19792556762695,17.62738037109375,,,,
62,9031001003007222,14010000709410360,,59.19148254394531,17.629070281982422,,,,
63,9031001004505559,14010000721159988,,59.74441909790039,18.368755340576172,,,,
64,9031001000500555,14010000725138022,,59.414024353027344,18.371355056762695,,,,
65,9031001001500415,14010000721866348,,59.24307632446289,18.21563720703125,,,,
66,9031001003006193,14010000689266952,,59.16965866088867,17.7899227142334,,,,
67,9031001004500423,14010000720568359,,59.51362228393555,17.87674331665039,,,,
68,9031001003002808,14010000720509055,,59.25834274291992,18.084184646606445,,,,
69,9031001003003583,14010000644190579,,59.381004333496094,17.805072784423828,,,,
70,9031001001004144,14010000726889057,,59.37565231323242,17.969825744628906,,,,
71,9031001006502944,14010000729221632,,59.26824188232422,17.996644973754883,,,,
72,9031001007093675,14010000729541985,,59.30052185058594,18.198606491088867,,,,
73,9031001003005445,14010000691056719,,59.323246002197266,18.25623321533203,,,,
74,9031001003004965,14010000671782667,,58.9165153503418,17.95037269592285,,,,
75,9031001001506930,14010000690233769,,59.3383903503418,17.937999725341797,,,,
76,9031001003007247,14010000726172387,,59.27885818481445,18.312406539916992,,,,
77,9031001001500413,14010000721866049,,59.24416732788086,18.2290096282959,,,,
78,9031001001004555,14010000723305435,,59.35618591308594,17.961284637451172,,,,
79,9031001004505186,14010000720822897,,59.34549331665039,18.072063446044922,,,,
80,9031001001007153,14010000689090378,,59.306541442871094,18.078088760375977,,,,
81,9031001003005584,14010000720509632,,59.234989166259766,17.976415634155273,,,,
82,9031001004505104,14010000720821424,,59.5620002746582,18.239900588989258,,,,
83,9031001003002775,14010000728456926,,59.207664489746094,17.749937057495117,,,,
84,9031001007500664,14010000722486910,,59.36189651489258,18.40388298034668,,,,
85,9031001001004659,14010000717092438,,59.363990783691406,17.977481842041016,,,,
86,9031001006502645,14010000719027120,,59.36650466918945,18.009571075439453,,,,
87,9031001003005518,14010000720510691,,59.265830993652344,18.134319305419922,,,,
88,9031001004505000,14010000720820745,,59.39030456542969,18.042203903198242,,,,
89,9031001003005339,14010000691056431,,59.31025695800781,18.134166717529297,,,,
90,9031001008000750,14010000722487128,,59.306949615478516,17.896852493286133,,,,
91,9031001003003584,,9011001098200000,59.470218658447266,17.91828727722168,505000000000000001,41B,700,AB SL Kundtjänst
92,9031001001004818,14010000702326891,,59.317787170410156,18.02863121032715,,,,
93,9031001003003054,14010000670449106,,59.45352554321289,17.80582046508789,,,,
94,9031001003003587,14010000728445555,,59.45689392089844,17.92401885986328,,,,
95,9031001003003873,14010100691058019,,59.28714370727539,18.704246520996094,,,,
96,9031001001004005,14010000686287838,,59.346744537353516,18.107534408569336,,,,
97,9031001004505547,14010000721160401,,59.87287139892578,19.060258865356445,,,,
98,9031001001004689,14010000726397414,,59.36030960083008,17.995336532592773,,,,
99,9031001004505588,14010000721146835,,59.4351692199707,18.069868087768555,,,,
100,9031001004505566,14010000721159783,,59.69087600708008,18.6629581451416,,,,
101,9031001003004969,14010000730585716,,59.14715576171875,17.833337783813477,,,,
102,9031001001007204,14010000692152922,,59.34465789794922,18.046579360961914,,,,
103,9031001004505176,14010000720858243,,59.50212860107422,18.351455688476562,,,,
104,9031001001007182,14010000686175708,,59.334320068359375,18.01474380493164,,,,
105,9031001003005386,14010000723768342,,59.31743621826172,18.08890151977539,,,,
106,9031001001001556,14010000686189469,,59.314002990722656,18.0845947265625,,,,
107,9031001007084431,14010000719416879,,59.36375427246094,18.00821876525879,,,,
108,9031001001004683,14010000730199038,,59.42951965332031,17.947818756103516,,,,
109,9031001001004108,14010000686288181,,59.31605529785156,18.033550262451172,,,,
110,9031001003005045,14010000723744574,,59.15084457397461,18.179500579833984,,,,
111,9031001004500432,14010000720567982,,59.526947021484375,17.913707733154297,,,,
112,9031001001004599,14010000717671993,,59.318695068359375,18.032180786132812,,,,
113,9031001007000430,14010200692211894,,59.33195114135742,18.079792022705078,,,,
114,9031001004505059,14010000725351581,,59.53474426269531,18.080156326293945,,,,
115,9031001004500450,14010000720822609,,59.508995056152344,18.060579299926758,,,,
116,9031001003005392,14010000685565118,,59.29933166503906,18.16495132446289,,,,
117,9031001004505583,14010000721146592,,59.74820327758789,18.68568229675293,,,,
118,9031001001004018,14010000692075815,,59.33237075805664,18.04879379272461,,,,
119,9031001003005505,14010000720511794,,59.242801666259766,17.928247451782227,,,,
120,9031001003005059,14010000723738742,,59.219364166259766,18.2091121673584,,,,
121,9031001001007601,14010000686174663,,59.33250045776367,18.076942443847656,,,,
122,9031001003005446,14010000691057199,,59.31228256225586,18.209108352661133,,,,
123,9031001001500307,14010000708317014,,59.298484802246094,18.14741325378418,,,,
124,9031001004505005,14010000725352036,,59.409637451171875,17.96306610107422,,,,
125,9031001003005090,14010000730347363,,59.16542434692383,18.138023376464844,,,,
126,9031001001004569,14010000687452349,,59.33828353881836,17.93621063232422,,,,
127,9031001001004834,14010000717671762,,59.33750534057617,18.030405044555664,,,,
128,9031001003005393,14010000723497352,,59.316890716552734,18.13890266418457,,,,
129,9031001004505592,14010000721147543,,59.437599182128906,18.079357147216797,,,,
130,9031001008500737,14010000728357111,,59.377811431884766,18.707368850708008,,,,
131,9031001004505195,14010000720822040,,59.41664123535156,18.311067581176758,,,,
132,9031001001004696,14010000717092820,,59.361202239990234,17.94491958618164,,,,
133,9031001004505040,14010000725351755,,59.443641662597656,18.09568977355957,,,,
134,9031001004505152,14010000721147726,,59.63145065307617,18.91439437866211,,,,
135,9031001003002761,14010000720509524,,59.27153015136719,17.88947105407715,,,,
136,9031001003002778,14010000720511671,,59.28609848022461,17.96589469909668,,,,
137,9031001004505062,14010000725351827,,59.457157135009766,18.035184860229492,,,,
138,9031001003005516,14010000720510825,,59.26097106933594,18.11715316772461,,,,
139,9031001001505010,14010100726930246,,59.332950592041016,18.074323654174805,,,,
140,9031001003002089,14010000722223671,,59.323036193847656,18.386516571044922,,,,
141,9031001003005449,14010000722224256,,59.33283615112305,18.264867782592773,,,,
142,9031001003005098,14010000586306645,,59.169151306152344,18.161815643310547,,,,
143,9031001002520017,14010100722361593,,59.295108795166016,17.97817039489746,,,,
144,9031001003005562,14010000721448301,,59.30621337890625,18.032007217407227,,,,
145,9031001003005524,14010000720510110,,59.25455093383789,18.022268295288086,,,,
146,9031001001007223,14010000724546653,,59.342464447021484,18.082788467407227,,,,
147,9031001001004140,14010000717092372,,59.46005630493164,17.900192260742188,,,,
148,9031001004500469,14010000720568493,,59.62891387939453,17.861164093017578,,,,
149,9031001003005592,14010000720511023,,59.29692840576172,18.035137176513672,,,,
150,9031001004505147,14010000721147836,,59.75674819946289,18.394495010375977,,,,
151,9031001000500547,14010000725141825,,59.4019660949707,18.355880737304688,,,,
152,9031001001004615,14010000717093696,,59.358428955078125,17.997695922851562,,,,
153,9031001008000635,14010000691584132,,59.31913375854492,18.159650802612305,,,,
154,9031001004505575,14010000721160518,,59.73270034790039,18.791236877441406,,,,
155,9031001001004807,14010000724493429,,59.35737991333008,18.104116439819336,,,,
156,9031001003005603,14010000720509182,,59.20016098022461,17.834203720092773,,,,
157,9031001003003479,14010000721711702,,59.18179702758789,17.643098831176758,,,,
158,9031001001004099,14010000631567919,,59.34285354614258,18.050640106201172,,,,
159,9031001008000623,14010000691587894,,59.40290451049805,18.145477294921875,,,,
160,9031001003005406,14010000724365693,,59.31585693359375,18.233781814575195,,,,
161,9031001003005086,14010000722591808,,59.167991638183594,18.1406307220459,,,,
162,9031001003005071,14010000723744527,,59.11652374267578,18.259042739868164,,,,
163,9031001003005503,14010000720509855,,59.26431655883789,18.140832901000977,,,,
164,9031001002520041,14010100722361473,,59.340694427490234,18.08176040649414,,,,
165,9031001003005034,14010000586306741,,59.20551681518555,18.203678131103516,,,,
166,9031001003003901,14010000730347414,,59.08805465698242,18.17866325378418,,,,
167,9031001001004624,14010000717092676,,59.36729049682617,17.995431900024414,,,,
168,9031001004505037,14010000726322291,,59.46499252319336,18.04425048828125,,,,
169,9031001001004678,14010000723305037,,59.375648498535156,17.96974754333496,,,,
170,9031001003005030,14010000723738454,,59.18756866455078,18.024507522583008,,,,
171,9031001001004013,14010000717684041,,59.3487663269043,18.080820083618164,,,,
172,9031001003005348,14010000722223165,,59.29024887084961,18.66596221923828,,,,
173,9031001001004020,14010000717683945,,59.33640670776367,18.034122467041016,,,,
174,9031001001004654,14010000728128513,,59.37926483154297,18.038801193237305,,,,
175,9031001000500538,14010000725158182,,59.11799621582031,18.484148025512695,,,,
176,9031001007089446,14010000719417059,,59.310604095458984,18.024808883666992,,,,
177,9031001002500086,14010300728246368,,59.272953033447266,18.088834762573242,,,,
178,9031001007087655,14010000719417023,,59.349891662597656,17.962392807006836,,,,
179,9031001003004992,14010000722590509,,59.05357360839844,17.869972229003906,,,,
180,9031001003004960,14010000722592052,,58.878074645996094,17.92795181274414,,,,
181,9031001003003098,14010000722224398,,59.31938934326172,18.079345703125,,,,
182,9031001002520048,14010200702497134,,59.324623107910156,18.065771102905273,,,,
183,9031001004505094,14010000720566751,,59.66535568237305,17.850751876831055,,,,
184,9031001003005067,14010000722591766,,59.185420989990234,18.13620376586914,,,,
185,9031001001004110,14010000686288755,,59.310970306396484,18.05858612060547,,,,
186,9031001003002807,14010000723019927,,59.26566696166992,17.926008224487305,,,,
187,9031001003003578,14010000670448852,,59.420257568359375,17.85462188720703,,,,
188,9031001004505175,14010000720817686,,59.487640380859375,18.276721954345703,,,,
189,9031001006502541,14010000673354713,,58.89892578125,17.931880950927734,,,,
190,9031001002520047,14010100722361533,,59.31680679321289,18.061931610107422,,,,
191,9031001003003058,14010000717871880,,59.41864013671875,17.829986572265625,,,,
192,9031001001506950,14010000690234196,,59.36143112182617,17.997180938720703,,,,
193,9031001003003874,14010000691147159,,59.30836868286133,18.47112274169922,,,,
194,9031001003005362,14010000722224226,,59.31666946411133,18.390905380249023,,,,
195,9031001003002790,14010000723019964,,59.264469146728516,18.125003814697266,,,,
196,9031001000500513,14010000729178957,,59.28196716308594,18.73186683654785,,,,
197,9031001004505165,14010000726330264,,59.44755554199219,17.966135025024414,,,,
198,9031001004505504,14010000720822726,,59.4007453918457,18.349781036376953,,,,
199,9031001004500434,14010000720567661,,59.52156448364258,17.90081214904785,,,,
200,9031001003007225,14010000688987987,,59.179725646972656,17.621068954467773,,,,
201,9031001003005552,14010000673573413,,59.298622131347656,18.069894790649414,,,,
202,9031001003005350,14010000726150789,,59.306861877441406,18.126720428466797,,,,
203,9031001003005328,14010000723497513,,59.310302734375,18.159969329833984,,,,
204,9031001001004566,14010000717093792,,59.36198806762695,17.972061157226562,,,,
205,9031001003003570,14010000702100497,,59.41582107543945,17.861101150512695,,,,
206,9031001003002083,14010000695300804,,59.31238555908203,18.107614517211914,,,,
207,9031001008000700,14010000691584467,,59.31816864013672,18.159893035888672,,,,
208,9031001003003113,14010000702692956,,59.4364013671875,17.84336280822754,,,,
209,9031001002510012,14010400722424488,,59.36066436767578,17.97258758544922,,,,
210,9031001001007175,14010000686174569,,59.315345764160156,18.09429359436035,,,,
211,9031001004505027,14010000725352365,,59.39826202392578,18.033790588378906,,,,
212,9031001002520024,14010200702497701,,59.34194564819336,18.095155715942383,,,,
213,9031001003005388,14010000722223906,,59.321441650390625,18.481836318969727,,,,
214,9031001004505188,14010000720820616,,59.4271240234375,18.256837844848633,,,,
215,9031001001004613,14010000717092871,,59.447776794433594,17.950841903686523,,,,
216,9031001001007198,14010100717645742,,59.36116027832031,18.120134353637695,,,,
217,9031001001004814,14010000717671804,,59.33782958984375,18.049598693847656,,,,
218,9031001007000472,,,59.32514572143555,18.094079971313477,,,,
219,9031001004505096,14010000720567894,,59.509037017822266,17.950286865234375,,,,
220,9031001002520014,14010100705786401,,59.39650344848633,18.038822174072266,,,,
221,9031001001506951,14010000721955309,,59.27048873901367,17.811769485473633,,,,
222,9031001001500421,14010000721866242,,59.24298858642578,18.2110538482666,,,,
223,9031001003002815,14010000689264924,,59.26253890991211,18.062686920166016,,,,
224,9031001003002795,14010000720510485,,59.22257614135742,17.937501907348633,,,,
225,9031001001004820,14010000728361122,,59.33916091918945,18.00551414489746,,,,
226,9031001001004824,14010000686175290,,59.318389892578125,18.060054779052734,,,,
227,9031001004500483,14010000720568197,,59.60834884643555,17.896970748901367,,,,
228,9031001001004695,14010000693483557,,59.38146209716797,17.9389591217041,,,,
229,9031001001004647,14010000717093155,,59.372745513916016,17.882415771484375,,,,
230,9031001000500548,14010000725148214,,59.45038604736328,18.746553421020508,,,,
231,9031001003005397,14010000731189271,,59.31312942504883,18.454896926879883,,,,
232,9031001003005347,14010000724365722,,59.313289642333984,18.105762481689453,,,,
233,9031001003001637,14010000689266538,,59.20004653930664,17.836509704589844,,,,
234,9031001001004630,14010000730199080,,59.36309051513672,17.87113380432129,,,,
235,9031001003005041,14010000722591525,,59.13283157348633,18.097110748291016,,,,
236,9031001004500401,14010000720567797,,59.519962310791016,17.91762924194336,,,,
237,9031001003005554,14010000689265277,,59.25654220581055,18.027254104614258,,,,
238,9031001004505043,14010000731404618,,59.464168548583984,18.043214797973633,,,,
239,9031001003003575,14010000728445489,,59.445526123046875,17.937673568725586,,,,
240,9031001004593992,14010100688510542,,59.3468017578125,18.07005500793457,,,,
241,9031001004505208,14010000720567749,,59.647430419921875,17.63450050354004,,,,
242,9031001004505537,14010000720821922,,59.403465270996094,18.365468978881836,,,,
243,9031001002520033,14010200702497474,,59.28987121582031,17.923368453979492,,,,
244,9031001000500796,14010000721781339,,59.86961364746094,19.077533721923828,,,,
245,9031001003003540,,9011001055200000,59.42322540283203,17.832229614257812,505000000000000001,552H,700,AB SL Kundtjänst
246,9031001004585421,14010000688516776,,59.46075439453125,18.311586380004883,,,,
247,9031001004505594,14010000721147897,,59.35256576538086,18.054555892944336,,,,
248,9031001003005512,14010000720509749,,59.27996826171875,18.05715560913086,,,,
249,9031001004505585,14010000721147082,,59.55752944946289,18.230772018432617,,,,
250,9031001002500013,14010300728246010,,59.28448486328125,18.114492416381836,,,,
251,9031001004505053,14010000725351422,,59.511627197265625,18.065570831298828,,,,
252,9031001003005043,14010000597113289,,59.168113708496094,18.148876190185547,,,,
253,9031001003005073,14010000725035000,,59.307376861572266,18.16051483154297,,,,
254,9031001002520036,14010200702497815,,59.24382019042969,17.814916610717773,,,,
255,9031001000500676,14010300726938718,,59.289955139160156,18.738317489624023,,,,
256,9031001003005521,14010000724225473,,59.23052978515625,17.98505210876465,,,,
257,9031001004505088,14010000720567694,,59.49037170410156,17.91849708557129,,,,
258,9031001004589569,14010000725098622,,59.43030548095703,18.09561538696289,,,,
259,9031001004505002,14010000725351024,,59.41017150878906,17.834758758544922,,,,
260,9031001003007218,14010000717798188,,59.19136047363281,17.62858009338379,,,,
261,9031001003005344,14010000723497461,,59.31486129760742,18.097097396850586,,,,
262,9031001001004045,14010000717645900,,59.3569450378418,18.10428237915039,,,,
263,9031001004505034,14010000726330138,,59.413604736328125,18.022680282592773,,,,
264,9031001002500170,14010100728277288,,59.364601135253906,17.836267471313477,,,,
265,9031001003005451,14010000691056526,,59.315311431884766,18.095687866210938,,,,
266,9031001003004982,14010000722591884,,59.199745178222656,18.13699722290039,,,,
267,9031001001004035,14010000686254220,,59.34272766113281,18.050016403198242,,,,
268,9031001003002791,14010000723019866,,59.27202224731445,18.044057846069336,,,,
269,9031001000500546,14010000730886720,,59.4236946105957,18.539560317993164,,,,
270,9031001001004657,14010000728128379,,59.34830856323242,17.987491607666016,,,,
271,9031001003005470,14010000689266256,,59.310546875,18.024555206298828,,,,
272,9031001001004060,14010000686254880,,59.3231201171875,18.1057071685791,,,,
273,9031001006502240,14010000729214778,,59.8585205078125,17.64859390258789,,,,
274,9031001001004024,14010000686288383,,59.33580780029297,18.065017700195312,,,,
275,9031001001004658,14010000717093604,,59.381446838378906,17.945051193237305,,,,
276,9031001001500312,14010000721865895,,59.2368049621582,18.297622680664062,,,,
277,9031001003005049,14010000597113525,,59.10999298095703,18.04860496520996,,,,
278,9031001001004130,14010000723305461,,59.36532974243164,17.872053146362305,,,,
279,9031001003005051,14010000730347244,,59.11768341064453,18.255586624145508,,,,
280,9031001007093967,14010000695832369,,59.332122802734375,18.0621395111084,,,,
281,9031001003003825,14010000702100590,,59.40908432006836,17.863826751708984,,,,
282,9031001006502246,14010000729215355,,59.19707489013672,17.797529220581055,,,,
283,9031001001007180,14010000719659212,,59.328819274902344,18.060964584350586,,,,
284,9031001004500400,14010000720568334,,59.62960433959961,17.860761642456055,,,,
285,9031001001004545,14010000723305596,,59.34097671508789,17.9384708404541,,,,
286,9031001003003521,14010000644190420,,59.512508392333984,17.64790916442871,,,,
287,9031001004583596,14010000725098537,,59.65675735473633,18.267532348632812,,,,
288,9031001002500175,,9011001001900000,59.33656311035156,17.95317268371582,505000000000000001,19,401,AB SL Kundtjänst
289,9031001002500167,14010100728277229,,59.34845733642578,17.882732391357422,,,,
290,9031001007095342,14010000719583172,,59.35688781738281,18.23409080505371,,,,
291,9031001003005380,14010000691055956,,59.31764221191406,18.086257934570312,,,,
292,9031001001004054,14010000724493336,,59.369693756103516,18.170303344726562,,,,
293,9031001003002094,14010000722223973,,59.3291130065918,18.323047637939453,,,,
294,9031001001004118,14010000729409151,,59.417625427246094,17.93791961669922,,,,
295,9031001001004637,14010000717093174,,59.360557556152344,18.027591705322266,,,,
296,9031001001004690,14010000728128333,,59.35737609863281,18.008167266845703,,,,
297,9031001003002814,14010000728747987,,59.23678207397461,17.8359317779541,,,,
298,9031001004500427,14010000720568453,,59.520992279052734,17.89992332458496,,,,
299,9031001003003513,14010000670448678,,59.51600646972656,17.633695602416992,,,,
300,9031001001007222,14010000686189545,,59.309932708740234,18.057371139526367,,,,
301,9031001002500088,14010300728246140,,59.28905487060547,18.070417404174805,,,,
302,9031001004505050,14010000726322402,,59.5127067565918,17.935409545898438,,,,
303,9031001003002771,14010000720510734,,59.2445068359375,17.996337890625,,,,
304,9031001003007243,14010000691057241,,59.32669448852539,18.391010284423828,,,,
305,9031001003005564,14010000690401004,,59.2950553894043,17.93242645263672,,,,
306,9031001001500406,14010000721866494,,59.227699279785156,18.26020050048828,,,,
307,9031001004500463,14010000720568163,,59.628910064697266,17.86098289489746,,,,
308,9031001001004553,14010000726860755,,59.36079788208008,17.830820083618164,,,,
309,9031001004505101,14010000725352416,,59.51738739013672,17.927888870239258,,,,
310,9031001004505530,14010000720822693,,59.47777557373047,18.304569244384766,,,,
311,9031001001004643,14010000687452039,,59.38963317871094,18.00163459777832,,,,
312,9031001001004641,14010000693483269,,59.375877380371094,17.969751358032227,,,,
313,9031001001004141,14010000726889196,,59.42930603027344,17.94805908203125,,,,
314,9031001003006188,14010000720510948,,59.19135284423828,17.813093185424805,,,,
315,9031001001004638,14010000693483529,,59.371646881103516,17.96275520324707,,,,
316,9031001000500514,14010100725159207,,58.95774841308594,18.294483184814453,,,,
317,9031001001508559,14010000721954889,,59.40156936645508,17.657310485839844,,,,
318,9031001003005400,14010100691055833,,59.312294006347656,18.1077823638916,,,,
319,9031001002510015,14010400722424509,,59.347782135009766,18.003339767456055,,,,
320,9031001000500537,14010000730886689,,59.32912063598633,18.075193405151367,,,,
321,9031001001007196,14010000686189284,,59.31061553955078,18.08608055114746,,,,
322,9031001003005596,14010000724225433,,59.250465393066406,18.0095272064209,,,,
323,9031001002520023,14010200702497304,,59.30886459350586,18.018810272216797,,,,
324,9031001001004004,14010000686288311,,59.342464447021484,18.04701805114746,,,,
325,9031001003005058,14010000722591276,,59.15011215209961,18.13726043701172,,,,
326,9031001003005085,14010000722591242,,59.089942932128906,17.916133880615234,,,,
327,9031001002510014,14010400722424467,,59.36793518066406,17.98109245300293,,,,
328,9031001008000630,14010000691584448,,59.31623840332031,18.10727310180664,,,,
329,9031001001004114,14010000717683919,,59.332149505615234,18.029300689697266,,,,
330,9031001003005567,14010000720511178,,59.293758392333984,17.945959091186523,,,,
331,9031001003007251,14010000726172471,,59.31169509887695,18.15872573852539,,,,
332,9031001003002088,14010000722224185,,59.31270217895508,18.107009887695312,,,,
333,9031001008000634,14010000660072907,,59.324256896972656,18.094070434570312,,,,
334,9031001003002784,14010000689263715,,59.24464797973633,17.823354721069336,,,,
335,9031001001004816,14010000728361248,,59.352108001708984,18.05895233154297,,,,
336,9031001000500535,14010000726240195,,59.32902145385742,18.07558822631836,,,,
337,9031001001007607,14010000686175164,,59.32019805908203,18.071529388427734,,,,
338,9031001001004684,14010000717092072,,59.34563446044922,18.0711727142334,,,,
339,9031001001500304,14010000721866550,,59.297935485839844,18.08159828186035,,,,
340,9031001007094459,14010000723719445,,59.28999328613281,18.275325775146484,,,,
341,9031001004500404,14010000720568003,,59.61451721191406,17.828752517700195,,,,
342,9031001003002772,14010000720511532,,59.19411849975586,17.750062942504883,,,,
343,9031001004505166,14010000726330361,,59.42930603027344,17.948894500732422,,,,
344,9031001001004604,14010000687452651,,59.37284851074219,17.89959716796875,,,,
345,9031001001007171,14010000686175739,,59.343910217285156,18.025676727294922,,,,
346,9031001001004057,14010000655908025,,59.329410552978516,18.095388412475586,,,,
347,9031001003003045,14010000670448640,,59.501739501953125,17.81109046936035,,,,
348,9031001004500414,14010000720567298,,59.62213134765625,17.701265335083008,,,,
349,9031001006502844,14010000668274611,,59.3255500793457,18.062637329101562,,,,
350,9031001003006107,14010000728748163,,59.18689727783203,17.65470314025879,,,,
351,9031001006502244,14010000729215116,,59.331138610839844,18.059446334838867,,,,
352,9031001003005591,14010000720510506,,59.3104133605957,18.02408218383789,,,,
353,9031001004505161,14010000725352976,,59.41802215576172,18.0827693939209,,,,
354,9031001003003487,14010000688996877,,59.195899963378906,17.577831268310547,,,,
355,9031001003002081,14010000722223544,,59.3081169128418,18.374011993408203,,,,
356,9031001003002797,14010000689266065,,59.26020050048828,18.095287322998047,,,,
357,9031001001004836,14010000717672114,,59.32539367675781,18.082855224609375,,,,
358,9031001003005547,14010000720511575,,59.27253341674805,17.88664436340332,,,,
359,9031001001004587,14010000723305245,,59.38346862792969,17.89727783203125,,,,
360,9031001003005074,14010000730347072,,59.2768669128418,17.91069793701172,,,,
361,9031001000500679,14010000725158591,,59.1016845703125,18.487289428710938,,,,
362,9031001002500041,14010300728246410,,59.26348876953125,18.082134246826172,,,,
363,9031001004505008,14010000725351655,,59.415672302246094,17.91352653503418,,,,
364,9031001004500446,14010000720822537,,59.540130615234375,18.05877113342285,,,,
365,9031001004500431,14010000720567944,,59.52228927612305,17.8992862701416,,,,
366,9031001004505100,14010000710939555,,59.540611267089844,18.08868408203125,,,,
367,9031001003005492,14010000724225370,,59.274505615234375,17.920541763305664,,,,
368,9031001003007235,14010000728456958,,59.21097183227539,17.73358154296875,,,,
369,9031001003003056,,9011001054400000,59.42377471923828,17.832603454589844,505000000000000001,544,700,AB SL Kundtjänst
370,9031001004505119,14010000721147808,,59.37677764892578,18.045822143554688,,,,
371,9031001004505067,14010000725352328,,59.472835540771484,18.104080200195312,,,,
372,9031001008000716,14010000729182173,,59.475772857666016,18.465133666992188,,,,
373,9031001001500306,14010000721866517,,59.297027587890625,18.08174705505371,,,,
374,9031001001007162,14010000724546724,,59.31907653808594,18.073532104492188,,,,
375,9031001003003882,14010000722236748,,59.31535720825195,18.355031967163086,,,,
376,9031001004500461,14010000720566069,,59.65448760986328,17.955812454223633,,,,
377,9031001004505004,14010000725352683,,59.415061950683594,17.82828712463379,,,,
378,9031001003005054,14010000586298117,,59.29698181152344,18.08443260192871,,,,
379,9031001004505508,14010000720822827,,59.479007720947266,18.301816940307617,,,,
380,9031001007093831,14010000697296248,,59.33359146118164,17.98019027709961,,,,
381,9031001003005443,14010000691057861,,59.318603515625,18.08089256286621,,,,
382,9031001006502545,14010000673355048,,59.31357955932617,18.061920166015625,,,,
383,9031001003002096,14010000691057476,,59.31332015991211,18.45024299621582,,,,
384,9031001002520018,14010200702496964,,59.35580062866211,18.0999698638916,,,,
385,9031001001004625,14010000717093203,,59.3587646484375,18.029895782470703,,,,
386,9031001001004547,14010000726860845,,59.390506744384766,17.81208038330078,,,,
387,9031001001004139,14010000717093529,,59.3590202331543,18.029531478881836,,,,
388,9031001001500302,14010000721866606,,59.23677444458008,18.29761505126953,,,,
389,9031001001004680,14010000687453510,,59.372528076171875,17.899667739868164,,,,
390,9031001004505054,14010000725352622,,59.405460357666016,18.029369354248047,,,,
391,9031001006502845,14010000656765873,,59.36662673950195,17.94916343688965,,,,
392,9031001003002816,14010000723019466,,59.25797653198242,18.079822540283203,,,,
393,9031001004505123,14010000725352160,,59.45384216308594,18.08671760559082,,,,
394,9031001001007156,14010000724546618,,59.311279296875,18.098594665527344,,,,
395,9031001003003114,14010000702100638,,59.42525863647461,17.837297439575195,,,,
396,9031001003005525,14010000718271577,,59.23628234863281,18.10190200805664,,,,
397,9031001001004551,14010000675766237,,59.36353302001953,17.871673583984375,,,,
398,9031001001004150,14010000717684104,,59.31048583984375,18.02519416809082,,,,
399,9031001003005598,14010000720510271,,59.266326904296875,17.88772201538086,,,,
400,9031001003003506,14010000691443869,,59.48914337158203,17.60211753845215,,,,
401,9031001003005489,14010000720511506,,59.19172286987305,17.983930587768555,,,,
402,9031001001004026,14010000717684005,,59.34651184082031,18.06756591796875,,,,
403,9031001006502942,14010000729221430,,59.419349670410156,17.95539093017578,,,,
404,9031001001004104,14010000717684076,,59.34870910644531,18.02831268310547,,,,
405,9031001001004096,14010000686255330,,59.349609375,18.05865478515625,,,,
406,9031001003003566,14010000670448949,,59.36885070800781,17.85363006591797,,,,
407,9031001003003071,14010000644191259,,59.42230224609375,17.83182716369629,,,,
408,9031001003005599,14010000720511058,,59.24756622314453,17.85066032409668,,,,
409,9031001003005566,14010000720510929,,59.301979064941406,18.036823272705078,,,,
410,9031001007091059,14010000719417132,,59.32889938354492,17.982027053833008,,,,
411,9031001003003494,14010000722105659,,59.19991683959961,17.628433227539062,,,,
412,9031001001004835,14010000724325705,,59.30864334106445,18.067527770996094,,,,
413,9031001004505093,14010000720567533,,59.50117111206055,17.963985443115234,,,,
414,9031001003001616,14010000689263270,,59.21501541137695,17.955175399780273,,,,
415,9031001001004086,14010000692812971,,59.33086013793945,18.05678367614746,,,,
416,9031001003005333,14010000722223601,,59.31601333618164,18.235218048095703,,,,
417,9031001001500309,14010100721866422,,59.304927825927734,18.11871910095215,,,,
418,9031001004590709,14010000688516914,,59.42588806152344,18.051219940185547,,,,
419,9031001001506937,14010000690233385,,59.29446029663086,17.832210540771484,,,,
420,9031001001004050,14010000717645709,,59.357200622558594,18.102184295654297,,,,
421,9031001003005622,14010000689266035,,59.27952194213867,17.942583084106445,,,,
422,9031001001004128,14010000729409092,,59.39442443847656,17.906587600708008,,,,
423,9031001001004621,14010000726397537,,59.37963104248047,17.913896560668945,,,,
424,9031001000700470,14010200692211932,,59.324005126953125,18.110549926757812,,,,
425,9031001001500405,14010000711492126,,59.24199676513672,18.281034469604492,,,,
426,9031001003005444,14010000691057419,,59.308807373046875,18.166162490844727,,,,
427,9031001004505531,14010000725352594,,59.485923767089844,18.382736206054688,,,,
428,9031001003002781,14010000689264157,,59.249942779541016,17.812519073486328,,,,
429,9031001003002800,14010000689262484,,59.24916458129883,17.865459442138672,,,,
430,9031001003005404,14010000722222950,,59.331790924072266,18.397117614746094,,,,
431,9031001001007608,14010000686175676,,59.31159973144531,18.058828353881836,,,,
432,9031001004500408,14010000720568420,,59.62970733642578,17.838634490966797,,,,
433,9031001004505106,14010000721146810,,59.7587890625,18.69672966003418,,,,
434,9031001003003483,14010000726138438,,59.2003173828125,17.630783081054688,,,,
435,9031001001004123,14010000729409059,,59.38304901123047,17.89866065979004,,,,
436,9031001004505173,14010000720821136,,59.5237922668457,18.637086868286133,,,,
437,9031001008000622,14010000660073385,,59.31721878051758,18.1047306060791,,,,
438,9031001003001635,14010000728748124,,59.197994232177734,17.666452407836914,,,,
439,9031001001004023,14010000686288582,,59.33715057373047,18.07364273071289,,,,
440,9031001001004927,14010000687452840,,59.48497009277344,17.892000198364258,,,,
441,9031001004505108,14010000721146678,,59.47916793823242,18.30071449279785,,,,
442,9031001002500014,14010300728246580,,59.295326232910156,18.0904483795166,,,,
443,9031001001505005,14010000726931399,,59.332759857177734,18.071178436279297,,,,
444,9031001001004584,14010000729152789,,59.33543014526367,17.962188720703125,,,,
445,9031001003005573,14010000723820664,,59.29575729370117,18.002992630004883,,,,
446,9031001003005315,14010000722223247,,59.32524108886719,18.25876235961914,,,,
447,9031001006502940,14010000729221250,,59.62752151489258,17.861106872558594,,,,
448,9031001003005111,14010000725977481,,59.27459716796875,18.175556182861328,,,,
449,9031001007000473,,,59.34717559814453,18.153125762939453,,,,
450,9031001003003827,14010000702100651,,59.41509246826172,17.913227081298828,,,,
451,9031001001007199,14010000724546836,,59.32122039794922,18.030744552612305,,,,
452,9031001007000471,,,59.33222579956055,18.062246322631836,,,,
453,9031001003006200,14010000728748143,,59.18434143066406,17.64208984375,,,,
454,9031001001007215,14010000686189317,,59.33103942871094,18.03114128112793,,,,
455,9031001003003044,14010000717871946,,59.423091888427734,17.832197189331055,,,,
456,9031001003002780,14010000689263903,,59.2768440246582,17.9091854095459,,,,
457,9031001001506958,14010000721954966,,59.28718948364258,17.802370071411133,,,,
458,9031001001508552,14010000726180076,,59.33638000488281,17.689130783081055,,,,
459,9031001001004027,14010000717683818,,59.357418060302734,18.102876663208008,,,,
460,9031001003003514,14010000630528270,,59.50542068481445,17.614229202270508,,,,
461,9031001000500539,14010000725152571,,59.41668701171875,18.352895736694336,,,,
462,9031001003005321,14010000724365777,,59.35970687866211,18.610763549804688,,,,
463,9031001001007160,14010000686189510,,59.35285186767578,18.032102584838867,,,,
464,9031001003005471,14010000689263123,,59.240116119384766,18.092119216918945,,,,
465,9031001001004105,14010000717683889,,59.3400764465332,18.038894653320312,,,,
466,9031001004595263,14010000725098685,,59.65675735473633,18.267532348632812,,,,
467,9031001001007157,14010000724546867,,59.33295440673828,18.07260513305664,,,,
468,9031001004505586,14010000721146748,,59.735069274902344,18.256519317626953,,,,
469,9031001004505118,14010000723162790,,59.746849060058594,18.692331314086914,,,,
470,9031001003002090,14010000722224424,,59.318626403808594,18.080562591552734,,,,
471,9031001004505049,14010000731404574,,59.447086334228516,17.9659481048584,,,,
472,9031001001004032,14010000692076036,,59.345760345458984,18.1086368560791,,,,
473,9031001001004608,14010000726397496,,59.359310150146484,17.92169761657715,,,,
474,9031001001004618,14010000728128452,,59.361228942871094,17.96464729309082,,,,
475,9031001001506960,14010000721955266,,59.392520904541016,18.0468692779541,,,,
476,9031001001500301,14010100721866101,,59.25372314453125,18.17457389831543,,,,
477,9031001003005568,14010000720510435,,59.31044006347656,18.024179458618164,,,,
478,9031001003006201,14010000720510908,,59.16404342651367,17.796226501464844,,,,
479,9031001003003066,14010000644190788,,59.413631439208984,17.86455726623535,,,,
480,9031001004505112,14010000721159642,,59.547576904296875,18.22447395324707,,,,
481,9031001002500194,14010100728277176,,59.29962921142578,18.080732345581055,,,,
482,9031001003003064,,9011001054200000,59.451602935791016,17.829090118408203,505000000000000001,542,700,AB SL Kundtjänst
483,9031001001004842,14010000725631913,,59.37104415893555,18.15550994873047,,,,
484,9031001008000627,14010000722487451,,59.322994232177734,18.00859260559082,,,,
485,9031001002520012,14010100722361445,,59.31074142456055,18.023056030273438,,,,
486,9031001003005458,14010000720510547,,59.27927780151367,18.0113582611084,,,,
487,9031001001004044,14010000717645790,,59.36425018310547,18.1352596282959,,,,
488,9031001003005063,14010000725034798,,59.16507339477539,18.138296127319336,,,,
489,9031001003005594,14010000720510786,,59.19248580932617,17.909427642822266,,,,
490,9031001003005550,14010000720510177,,59.288421630859375,17.94107437133789,,,,
491,9031001004505122,14010000720820892,,59.53439712524414,18.079586029052734,,,,
492,9031001003005322,14010000724365643,,59.31472396850586,18.097471237182617,,,,
493,9031001001508557,14010000721954844,,59.285709381103516,17.716310501098633,,,,
494,9031001003005536,14010000723820971,,59.31411361694336,18.018579483032227,,,,
495,9031001006502843,14010000656765676,,59.227596282958984,18.131059646606445,,,,
496,9031001001004064,14010000692075701,,59.32657241821289,18.013025283813477,,,,
497,9031001003005553,14010000689265684,,59.279117584228516,17.98252296447754,,,,
498,9031001007084429,14010000719416844,,59.3068733215332,18.121044158935547,,,,
499,9031001004505127,14010000725352476,,59.43890380859375,18.107681274414062,,,,
500,9031001001004911,14010000730199304,,59.3712158203125,17.962135314941406,,,,
501,9031001003005340,14010000688564015,,59.325931549072266,18.260419845581055,,,,
502,9031001001004580,14010000723305629,,59.40359115600586,17.940826416015625,,,,
503,9031001003005320,14010000722223122,,59.31922149658203,18.07794761657715,,,,
504,9031001002500030,14010100728277001,,59.341064453125,18.05828857421875,,,,
505,9031001001007163,14010000686189393,,59.32672119140625,18.06540870666504,,,,
506,9031001007089838,14010000719583109,,59.35688781738281,18.23409080505371,,,,
507,9031001001004650,14010000717093268,,59.36444854736328,18.011707305908203,,,,
508,9031001001500404,14010000716318298,,59.297142028808594,18.081815719604492,,,,
509,9031001002500149,14010100728277147,,59.33863830566406,17.93792152404785,,,,
510,9031001002520020,14010200702497191,,59.275760650634766,17.889049530029297,,,,
511,9031001001500431,14010000721866631,,59.297183990478516,18.081815719604492,,,,
512,9031001002510011,14010400722424447,,59.339298248291016,18.013050079345703,,,,
513,9031001004505047,14010000731068130,,59.453216552734375,18.08698272705078,,,,
514,9031001004500420,14010000720568180,,59.62882614135742,17.86077117919922,,,,
515,9031001004505503,14010000725352730,,59.38972473144531,18.04231071472168,,,,
516,9031001003002794,14010000689263630,,59.2308464050293,17.966747283935547,,,,
517,9031001003007211,14010000688996907,,59.17969512939453,17.59505271911621,,,,
518,9031001001505009,14010000726930263,,59.32402801513672,18.101839065551758,,,,
519,9031001003002760,14010000720508839,,59.20838928222656,17.82484245300293,,,,
520,9031001003002796,14010000723019772,,59.28502655029297,17.965307235717773,,,,
521,9031001004590043,14010000725098601,,59.435218811035156,18.057395935058594,,,,
522,9031001006502446,14010000686899407,,59.179046630859375,17.646291732788086,,,,
523,9031001001004567,14010000717092713,,59.380271911621094,17.996414184570312,,,,
524,9031001008000629,14010000660073370,,59.320411682128906,18.151641845703125,,,,
525,9031001003003480,,9011001075800000,59.184730529785156,17.65984344482422,505000000000000001,758,700,AB SL Kundtjänst
526,9031001004505138,14010000721159893,,59.865699768066406,18.69403648376465,,,,
527,9031001003002098,14010000722223308,,59.31821823120117,18.46944236755371,,,,
528,9031001003005112,14010000725034902,,59.243038177490234,18.2154598236084,,,,
529,9031001003004979,14010000722591848,,59.1680793762207,18.141124725341797,,,,
530,9031001003003097,14010000722223358,,59.31006622314453,18.197465896606445,,,,
531,9031001002500168,14010100728277203,,59.27799987792969,18.067960739135742,,,,
532,9031001003003597,14010000722112307,,59.18495178222656,17.659664154052734,,,,
533,9031001003005462,14010000720511078,,59.29928970336914,18.05634117126465,,,,
534,9031001003002743,14010000720511404,,59.27667236328125,17.91002082824707,,,,
535,9031001001587795,14010000729541945,,59.27912139892578,18.31144142150879,,,,
536,9031001004505076,14010000725351946,,59.38667297363281,18.043201446533203,,,,
537,9031001000500751,14010100725159041,,59.05453109741211,18.1981258392334,,,,
538,9031001001007205,14010000725996494,,59.33220672607422,18.029748916625977,,,,
539,9031001001588605,14010000723719422,,59.306819915771484,18.149444580078125,,,,
540,9031001003006108,14010000688988183,,59.22130584716797,17.569398880004883,,,,
541,9031001001004007,14010000686288953,,59.32414245605469,17.99391746520996,,,,
542,9031001001506956,14010000690233552,,59.32664108276367,17.90576934814453,,,,
543,9031001003005501,14010000723820572,,59.27284622192383,18.141681671142578,,,,
544,9031001001004034,14010000660011612,,59.33296585083008,18.07463836669922,,,,
545,9031001001500411,14010000721866455,,59.24684524536133,18.1879940032959,,,,
546,9031001003005540,14010000689266648,,59.298095703125,17.997474670410156,,,,
547,9031001004505196,14010000720820498,,59.36476516723633,18.053470611572266,,,,
548,9031001004505555,14010000721160441,,59.73954772949219,18.75540542602539,,,,
549,9031001003005326,14010000724010956,,59.31563949584961,18.169666290283203,,,,
550,9031001006502846,14010000668274703,,59.14231872558594,18.126365661621094,,,,
551,9031001004505132,14010000731068177,,59.44888687133789,18.091022491455078,,,,
552,9031001004505126,14010000730074296,,59.76527786254883,18.697673797607422,,,,
553,9031001003002084,14010000722224114,,59.319034576416016,18.388330459594727,,,,
554,9031001001007212,14010000686174537,,59.30254364013672,18.103397369384766,,,,
555,9031001004505590,14010000721146875,,59.69022750854492,18.45677947998047,,,,
556,9031001001004812,14010100669003481,,59.3326416015625,18.028858184814453,,,,
557,9031001003002776,14010000728456898,,59.19782638549805,17.62059783935547,,,,
558,9031001003005513,14010000689266175,,59.23211669921875,17.948699951171875,,,,
559,9031001004500479,14010000720567344,,59.627197265625,17.701791763305664,,,,
560,9031001003005335,14010000691057327,,59.31536865234375,18.253122329711914,,,,
561,9031001003003590,14010000644191304,,59.42280197143555,17.83236312866211,,,,
562,9031001006502842,14010000668274511,,59.478233337402344,17.77773666381836,,,,
563,9031001001508558,14010000721955060,,59.32086944580078,17.848859786987305,,,,
564,9031001001004046,14010000724493278,,59.334869384765625,18.100509643554688,,,,
565,9031001003005514,14010000720510617,,59.23966598510742,18.09893226623535,,,,
566,9031001001007188,14010000724546513,,59.3355598449707,18.09981346130371,,,,
567,9031001007085963,14010000719416950,,59.3595085144043,17.979549407958984,,,,
568,9031001000500671,14010000725160557,,59.57495880126953,18.785472869873047,,,,
569,9031001003002792,14010000723019556,,59.265899658203125,17.912071228027344,,,,
570,9031001004505007,14010000725351973,,59.41559600830078,17.912891387939453,,,,
571,9031001007000469,,,59.33224868774414,18.062896728515625,,,,
572,9031001001004049,14010000724493239,,59.320167541503906,18.070941925048828,,,,
573,9031001003007228,14010000509128371,,59.18305206298828,17.578020095825195,,,,
574,9031001004505006,14010000725351608,,59.41022872924805,17.968711853027344,,,,
575,9031001006502542,14010000719061475,,59.383846282958984,17.897737503051758,,,,
576,9031001004505191,14010000720822230,,59.360130310058594,18.05609130859375,,,,
577,9031001004588186,14010100688528145,,59.53375244140625,18.079843521118164,,,,
578,9031001004505553,14010000708150247,,59.76366424560547,18.725021362304688,,,,
579,9031001001506961,14010000721954605,,59.33884048461914,17.93844985961914,,,,
580,9031001006502245,14010000729215234,,59.4155387878418,17.95779037475586,,,,
581,9031001003005405,14010000726150622,,59.323604583740234,18.275611877441406,,,,
582,9031001003005517,14010000689264575,,59.2435417175293,18.02300262451172,,,,
583,9031001004505582,14010000721146569,,59.36138153076172,18.056100845336914,,,,
584,9031001006502540,14010000719061235,,59.56793975830078,17.535646438598633,,,,
585,9031001003007265,14010000726172429,,59.292842864990234,18.218189239501953,,,,
586,9031001001506603,14010000690234296,,59.29008102416992,17.810569763183594,,,,
587,9031001003005506,14010000689263859,,59.29224395751953,18.01654052734375,,,,
588,9031001007095247,14010000719417311,,59.3068733215332,18.121044158935547,,,,
589,9031001003006106,,9011001078700000,59.18998718261719,17.629972457885742,505000000000000001,787,700,AB SL Kundtjänst
590,9031001004505578,14010000721148208,,59.759521484375,18.698911666870117,,,,
591,9031001003003499,14010000688988591,,59.14694595336914,17.661361694335938,,,,
592,9031001003005072,14010000723738419,,59.1763916015625,18.14990234375,,,,
593,9031001000500549,14010000721772721,,59.28648376464844,18.704999923706055,,,,
594,9031001002510010,14010400722424427,,59.38631057739258,17.930347442626953,,,,
595,9031001003003496,14010000688996822,,59.17707443237305,17.633520126342773,,,,
596,9031001002500035,14010300728246198,,59.29517364501953,18.09076499938965,,,,
597,9031001003005102,14010000597113241,,59.113033294677734,18.0545597076416,,,,
598,9031001004505144,14010000726322368,,59.45198440551758,18.086755752563477,,,,
599,9031001001001548,14010100724546936,,59.34332275390625,18.04792594909668,,,,
600,9031001004505160,14010000731404668,,59.4102897644043,18.032024383544922,,,,
601,9031001003005104,14010000704175729,,58.9237060546875,17.921016693115234,,,,
602,9031001001500316,14010000721865971,,59.24293518066406,18.215063095092773,,,,
603,9031001002500166,14010300728245715,,59.2620964050293,18.01327133178711,,,,
604,9031001004505045,14010000725352890,,59.41754913330078,18.31183433532715,,,,
605,9031001001004663,14010000675766029,,59.38347625732422,17.856008529663086,,,,
606,9031001007000470,,,59.32406234741211,18.099956512451172,,,,
607,9031001003007258,14010000726172451,,59.290489196777344,18.255481719970703,,,,
608,9031001003005398,14010000722224297,,59.314693450927734,18.199665069580078,,,,
609,9031001003005468,14010000689265429,,59.25377655029297,18.048648834228516,,,,
610,9031001008000628,14010000660072871,,59.35785675048828,18.109149932861328,,,,
611,9031001002510009,14010400722424406,,59.33155822753906,18.05309295654297,,,,
612,9031001003004984,14010000725977554,,59.21576690673828,18.14405632019043,,,,
613,9031001001004595,14010000724325509,,59.31583023071289,18.033132553100586,,,,
614,9031001003002782,14010000720508941,,59.19797897338867,17.839576721191406,,,,
615,9031001002500146,14010100728277064,,59.342159271240234,17.92288589477539,,,,
616,9031001003006105,14010000726135414,,59.06626892089844,17.60734748840332,,,,
617,9031001004505078,14010000725350928,,59.392250061035156,18.04677391052246,,,,
618,9031001001004115,14010000729409027,,59.364646911621094,17.872257232666016,,,,
619,9031001003005053,14010000552288333,,59.11335754394531,18.109622955322266,,,,
620,9031001001004685,14010000730199217,,59.38884353637695,17.944223403930664,,,,
621,9031001006502644,14010000719027091,,59.37407684326172,18.005489349365234,,,,
622,9031001001004568,14010000687452375,,59.42460632324219,17.962865829467773,,,,
623,9031001003005354,14010000726150707,,59.294002532958984,18.25653839111328,,,,
624,9031001000500519,14010000725157345,,59.16373062133789,18.57020378112793,,,,
625,9031001001004006,14010000686288688,,59.34270095825195,18.050064086914062,,,,
626,9031001003005593,14010000720511468,,59.279911041259766,18.011669158935547,,,,
627,9031001003005032,14010000586298152,,59.22653579711914,18.20096778869629,,,,
628,9031001001004135,14010000726889274,,59.35734176635742,17.997495651245117,,,,
629,9031001003005625,14010000720509667,,59.24395751953125,17.82557487487793,,,,
630,9031001004505517,14010000720821862,,59.45067596435547,18.222240447998047,,,,
631,9031001003005338,14010000731189356,,59.318302154541016,18.08213233947754,,,,
632,9031001003003492,14010000688988221,,59.2025032043457,17.642358779907227,,,,
633,9031001001004092,14010000686254405,,59.3209228515625,18.15229034423828,,,,
634,9031001003005577,14010000721448247,,59.289222717285156,18.027746200561523,,,,
635,9031001001004804,14010100674753860,,59.33481979370117,18.023414611816406,,,,
636,9031001007000466,,,59.32414627075195,18.099191665649414,,,,
637,9031001003005528,14010000689265522,,59.259490966796875,18.035259246826172,,,,
638,9031001006502546,14010000719061782,,59.06889343261719,17.97654914855957,,,,
639,9031001004505148,14010000721147279,,59.549808502197266,18.571779251098633,,,,
640,9031001002500007,14010100728277262,,59.27224349975586,18.13498878479004,,,,
641,9031001001007611,14010000686175244,,59.33723831176758,18.081026077270508,,,,
642,9031001003005583,14010000720511279,,59.24070358276367,18.0936222076416,,,,
643,9031001001004676,14010000729840452,,59.38451385498047,17.909557342529297,,,,
644,9031001002510005,14010400722424549,,59.330135345458984,18.045072555541992,,,,
645,9031001003003585,14010000684258920,,59.395973205566406,17.855220794677734,,,,
646,9031001001004639,14010000717093762,,59.38953399658203,18.042343139648438,,,,
647,9031001003005623,14010000689265138,,59.250240325927734,17.86475372314453,,,,
648,9031001008000625,14010000660073400,,59.332130432128906,18.076967239379883,,,,
649,9031001004500478,14010000720568269,,59.6270751953125,17.82399559020996,,,,
650,9031001001004036,14010000686254662,,59.34543991088867,18.072996139526367,,,,
651,9031001007091281,14010000719583130,,59.36191177368164,18.117807388305664,,,,
652,9031001004505113,14010000721160614,,59.75968551635742,18.700382232666016,,,,
653,9031001003003512,14010000670448904,,59.4906120300293,17.687877655029297,,,,
654,9031001004500449,14010000719610912,,59.45920181274414,18.139589309692383,,,,
655,9031001000500504,14010000725130630,,59.34913635253906,18.24513816833496,,,,
656,9031001001506962,14010000724734591,,59.31874084472656,17.865459442138672,,,,
657,9031001001004093,14010000686255275,,59.343780517578125,18.072429656982422,,,,
658,9031001003005084,14010000722591735,,59.181663513183594,18.15948486328125,,,,
659,9031001003003082,14010000722224022,,59.333316802978516,18.324554443359375,,,,
660,9031001001004126,14010000729409185,,59.42967987060547,17.9482421875,,,,
661,9031001001004648,14010000730199116,,59.389041900634766,17.906953811645508,,,,
662,9031001001506608,14010000690234384,,59.316898345947266,17.71497917175293,,,,
663,9031001003005502,14010000720510224,,59.27873229980469,18.010112762451172,,,,
664,9031001001500401,14010000721866370,,59.24584197998047,18.214740753173828,,,,
665,9031001001004116,14010000723305342,,59.39678192138672,17.909090042114258,,,,
666,9031001004505539,14010000725351306,,59.542545318603516,18.014516830444336,,,,
667,9031001001506607,14010000693242366,,59.28908920288086,17.764429092407227,,,,
668,9031001003003589,14010000702100391,,59.427467346191406,17.950021743774414,,,,
669,9031001004505057,14010000726322441,,59.44697570800781,18.12086296081543,,,,
670,9031001004505042,14010000731072187,,59.44910430908203,18.085424423217773,,,,
671,9031001004505210,14010000720567150,,59.626529693603516,17.79453468322754,,,,
672,9031001007095245,14010000719417276,,59.36375427246094,18.00821876525879,,,,
673,9031001002520046,14010100722361505,,59.33248519897461,18.063146591186523,,,,
674,9031001003005463,14010000720510415,,59.269893646240234,18.02919578552246,,,,
675,9031001003002779,14010000689266300,,59.21738815307617,17.957117080688477,,,,
676,9031001001500308,14010000721866474,,59.261600494384766,18.119516372680664,,,,
677,9031001003003904,14010000722591616,,59.232295989990234,18.23057746887207,,,,
678,9031001001004598,14010000717672153,,59.3346061706543,18.003664016723633,,,,
679,9031001001004059,14010000692813168,,59.33283615112305,18.071598052978516,,,,
680,9031001004505090,14010000720568237,,59.47697067260742,17.914661407470703,,,,
681,9031001001004609,14010000729102478,,59.35919189453125,17.9678897857666,,,,
682,9031001003005314,14010000694641071,,59.325172424316406,18.25957679748535,,,,
683,9031001004505178,14010000731068347,,59.39093017578125,18.042346954345703,,,,
684,9031001003003490,14010000688996774,,59.1972770690918,17.609546661376953,,,,
685,9031001001004815,14010100719558444,,59.33143615722656,18.05954933166504,,,,
686,9031001003006195,14010000689266630,,59.19133377075195,17.855777740478516,,,,
687,9031001001004588,14010000676038155,,59.33566665649414,17.990156173706055,,,,
688,9031001001004843,14010000686174617,,59.319313049316406,18.066068649291992,,,,
689,9031001001004094,14010000686255467,,59.36936950683594,18.064226150512695,,,,
690,9031001003005108,14010000722592164,,59.185516357421875,18.134950637817383,,,,
691,9031001000500683,14010100729179344,,58.91921615600586,18.178226470947266,,,,
692,9031001001506959,14010000721955105,,59.3784294128418,18.01239013671875,,,,
693,9031001006502945,14010000729221716,,59.331138610839844,18.059446334838867,,,,
694,9031001001004817,14010000728361183,,59.32908248901367,18.032442092895508,,,,
695,9031001002520050,14010200702497644,,59.249324798583984,17.86747932434082,,,,
696,9031001001004127,14010000729409120,,59.38430404663086,17.92997932434082,,,,
697,9031001001004687,14010000717093008,,59.380855560302734,17.978580474853516,,,,
698,9031001002520031,14010200702497361,,59.3049201965332,17.985027313232422,,,,
699,9031001001004915,14010000717093117,,59.45247268676758,17.95559310913086,,,,
700,9031001002520032,14010100705786373,,59.28742599487305,17.964553833007812,,,,
701,9031001003005542,14010000689265811,,59.31229782104492,18.024507522583008,,,,
702,9031001002500174,,9011001001900000,59.3671989440918,17.8452091217041,505000000000000001,19,401,AB SL Kundtjänst
703,9031001003005435,14010000691057934,,59.32179641723633,18.482717514038086,,,,
704,9031001001004626,14010000687453604,,59.363929748535156,18.007970809936523,,,,
705,9031001003007245,14010000726172491,,59.28596115112305,18.276491165161133,,,,
706,9031001003002768,14010000720511445,,59.1982536315918,17.840280532836914,,,,
707,9031001007093357,14010000719417203,,59.360679626464844,17.962966918945312,,,,
708,9031001003004974,14010000722591391,,59.22476577758789,18.157203674316406,,,,
709,9031001004505525,14010000720817092,,59.4733772277832,18.568233489990234,,,,
710,9031001001004550,14010000726860708,,59.38090133666992,17.88458251953125,,,,
711,9031001003005530,14010000720511362,,59.31061935424805,18.024547576904297,,,,
712,9031001007085961,14010000719416915,,59.306251525878906,18.108776092529297,,,,
713,9031001007000485,,,59.32548522949219,18.094253540039062,,,,
714,9031001006502947,14010000729221896,,59.54647445678711,17.896230697631836,,,,
715,9031001003003046,14010000650486200,,59.61329650878906,17.6055850982666,,,,
716,9031001004505145,14010000725352449,,59.5140266418457,18.067195892333984,,,,
717,9031001001500314,14010000716318252,,59.261817932128906,18.1900577545166,,,,
718,9031001007500528,14010100693937245,,59.3249397277832,18.08959197998047,,,,
719,9031001003003576,14010000644191475,,59.36316680908203,17.87103843688965,,,,
720,9031001004505097,14010000720567923,,59.51792907714844,17.929466247558594,,,,
721,9031001003003907,14010000723739034,,59.165283203125,18.138633728027344,,,,
722,9031001007000434,14010000695832369,,59.33150863647461,18.08684730529785,,,,
723,9031001001506932,14010000721955208,,59.34083938598633,17.696210861206055,,,,
724,9031001001500429,14010000724813839,,59.24405288696289,18.228971481323242,,,,
725,9031001004500485,14010000726811161,,59.62849807739258,17.861047744750977,,,,
726,9031001004500462,14010000720568075,,59.6241455078125,17.860193252563477,,,,
727,9031001003003891,14010000722223512,,59.31454086303711,18.098007202148438,,,,
728,9031001006502242,14010000729214985,,59.550594329833984,17.89569854736328,,,,
729,9031001004590597,14010000688516854,,59.3468017578125,18.07005500793457,,,,
730,9031001003006109,14010000670278647,,59.19595718383789,17.573877334594727,,,,
731,9031001003005597,14010000720510661,,59.18303680419922,17.922090530395508,,,,
732,9031001003003574,14010000644190921,,59.40431213378906,17.864233016967773,,,,
733,9031001008500773,14010000721758281,,59.481876373291016,18.712474822998047,,,,
734,9031001003003535,14010000644190983,,59.41010284423828,17.796573638916016,,,,
735,9031001004505536,14010000731404537,,59.432369232177734,17.994169235229492,,,,
736,9031001003007205,14010000688996798,,59.189796447753906,17.629901885986328,,,,
737,9031001002510004,14010400722424385,,59.413578033447266,17.918109893798828,,,,
738,9031001004592056,14010000725098650,,59.49299240112305,18.066219329833984,,,,
739,9031001002510003,14010400722424570,,59.39684295654297,17.88846206665039,,,,
740,9031001001004085,14010000692813013,,59.331138610839844,18.132869720458984,,,,
741,9031001003005391,14010000722224494,,59.32490921020508,18.2586669921875,,,,
742,9031001001007200,14010000692152991,,59.33349609375,18.071382522583008,,,,
743,9031001004505185,14010000720821192,,59.44514465332031,18.110567092895508,,,,
744,9031001001004692,14010000717092847,,59.37105178833008,18.016773223876953,,,,
745,9031001001004962,14010000687451746,,59.38197708129883,17.97810173034668,,,,
746,9031001002500050,14010300728246352,,59.3232536315918,18.067167282104492,,,,
747,9031001003004989,14010000708187153,,59.17130661010742,18.179651260375977,,,,
748,9031001003007956,14010000576875828,,59.205108642578125,17.593595504760742,,,,
749,9031001001007178,14010000686175196,,59.3327522277832,18.05732536315918,,,,
750,9031001001004001,14010000686288859,,59.339908599853516,18.094985961914062,,,,
751,9031001004505564,14010000721148184,,59.85654830932617,17.649747848510742,,,,
752,9031001001007172,14010000719659259,,59.311649322509766,18.10834503173828,,,,
753,9031001003003067,14010000551313774,,59.451011657714844,17.834012985229492,,,,
754,9031001000500503,14010000731286871,,59.477081298828125,18.829681396484375,,,,
755,9031001003006110,14010000728748202,,59.19315719604492,17.627817153930664,,,,
756,9031001003005107,14010000586298677,,59.167015075683594,18.163257598876953,,,,
757,9031001007093833,14010000697296234,,59.353885650634766,17.956857681274414,,,,
758,9031001001004681,14010000717091195,,59.393882751464844,17.906129837036133,,,,
759,9031001001507307,14010000709720179,,59.38508987426758,17.474470138549805,,,,
760,9031001001004134,14010000723305000,,59.414894104003906,17.931739807128906,,,,
761,9031001007094047,14010000719890022,,59.28999328613281,18.275325775146484,,,,
762,9031001003003072,14010000551313872,,59.416263580322266,17.83405303955078,,,,
763,9031001004505587,14010000721147164,,59.560081481933594,18.2322940826416,,,,
764,9031001001004686,14010000693483118,,59.36140060424805,17.973478317260742,,,,
765,9031001004505114,14010000721160140,,59.75300216674805,18.692855834960938,,,,
766,9031001003005507,14010000724225638,,59.2138786315918,18.166044235229492,,,,
767,9031001007090509,14010000719889983,,59.270912170410156,18.29553985595703,,,,
768,9031001000500520,14010000729181535,,59.3173828125,18.10730743408203,,,,
769,9031001003005433,14010000691147361,,59.32694625854492,18.376659393310547,,,,
770,9031001001500303,14010000721866293,,59.24433517456055,18.23020362854004,,,,
771,9031001001004914,14010000730199258,,59.41887283325195,17.916013717651367,,,,
772,9031001003003564,14010000670448761,,59.388633728027344,17.82551383972168,,,,
773,9031001003005342,14010000722223950,,59.30905532836914,18.168718338012695,,,,
774,9031001000500550,14010000725162729,,59.617618560791016,18.999309539794922,,,,
775,9031001004505099,14010000725352537,,59.4163818359375,17.937911987304688,,,,
776,9031001003002789,14010000720511109,,59.24869918823242,17.862791061401367,,,,
777,9031001003005569,14010000724225574,,59.22981262207031,17.98751449584961,,,,
778,9031001003002758,14010000720510047,,59.220333099365234,17.9437198638916,,,,
779,9031001004505193,14010000720819606,,59.34578323364258,18.07084846496582,,,,
780,9031001001506955,14010000690233301,,59.30223846435547,17.798599243164062,,,,
781,9031001007093359,14010000719417238,,59.29949188232422,18.08031463623047,,,,
782,9031001001007179,14010000686175130,,59.309959411621094,18.058429718017578,,,,
783,9031001003003493,14010000722105851,,59.189239501953125,17.571500778198242,,,,
784,9031001004500403,14010000720568104,,59.47883987426758,17.91353988647461,,,,
785,9031001006502543,14010000673354830,,59.122928619384766,18.102916717529297,,,,
786,9031001003003577,14010000702100611,,59.404090881347656,17.866622924804688,,,,
787,9031001004505136,14010000721147642,,59.96896743774414,18.605552673339844,,,,
788,9031001003001648,14010000720511001,,59.23568344116211,17.838266372680664,,,,
789,9031001003003520,14010000551314040,,59.48542404174805,17.73619842529297,,,,
790,9031001003005539,14010000708040172,,59.307430267333984,18.076723098754883,,,,
791,9031001007087797,14010000719583088,,59.35813903808594,18.103857040405273,,,,
792,9031001003005587,14010000720511622,,59.28361892700195,18.115497589111328,,,,
793,9031001002500190,14010300728246222,,59.30656433105469,18.07694435119629,,,,
794,9031001002520043,14010200702497021,,59.24317169189453,17.82712173461914,,,,
795,9031001001004081,14010000655055841,,59.357200622558594,18.1021785736084,,,,
796,9031001002500031,14010100728277087,,59.3347282409668,18.06431007385254,,,,
797,9031001003005580,14010000689265924,,59.23692321777344,17.97896957397461,,,,
798,9031001001500418,14010000721866262,,59.23386764526367,18.250675201416016,,,,
799,9031001007500530,14010100693937271,,59.32307052612305,18.076404571533203,,,,
800,9031001003002813,14010000689261222,,59.24418258666992,17.82537269592285,,,,
801,9031001003002763,14010000720510870,,59.22898864746094,17.834596633911133,,,,
802,9031001003004978,14010000722591064,,59.24110412597656,18.10938262939453,,,,
803,9031001003005401,14010000726150551,,59.310699462890625,18.199785232543945,,,,
804,9031001004505532,14010000731404720,,59.44907760620117,18.085317611694336,,,,
805,9031001004505534,14010000720821034,,59.40153121948242,18.349506378173828,,,,
806,9031001001004019,14010000692075934,,59.334293365478516,18.033540725708008,,,,
807,9031001003007829,14010000728748183,,59.210594177246094,17.72020721435547,,,,
808,9031001001004590,14010000723305489,,59.365821838378906,17.930709838867188,,,,
809,9031001002510002,14010400722424529,,59.40338897705078,17.94209861755371,,,,
810,9031001001007177,14010000686189436,,59.33921813964844,18.036251068115234,,,,
811,9031001006502441,14010000719074013,,59.179046630859375,17.646291732788086,,,,
812,9031001002500060,14010300728246434,,59.33877182006836,18.060518264770508,,,,
813,9031001004500405,14010000720567964,,59.64895248413086,17.930204391479492,,,,
814,9031001001007173,14010000689090198,,59.35809326171875,18.104379653930664,,,,
815,9031001004505584,14010000721147521,,59.703765869140625,18.49042320251465,,,,
816,9031001003003545,14010000691975038,,59.42592239379883,17.798646926879883,,,,
817,9031001002500164,14010300728246394,,59.33158493041992,18.01748275756836,,,,
818,9031001000500536,14010000729662068,,59.357086181640625,18.235395431518555,,,,
819,9031001003005460,14010000689265962,,59.29370880126953,18.06295394897461,,,,
820,9031001006502247,14010000729215419,,59.69261932373047,17.808313369750977,,,,
821,9031001001004904,14010000717093298,,59.44493865966797,17.93887710571289,,,,
822,9031001003002095,14010000722223450,,59.319061279296875,18.407094955444336,,,,
823,9031001001007181,14010000689090342,,59.33568572998047,18.100887298583984,,,,
824,9031001003007692,14010000670278885,,59.18506622314453,17.637714385986328,,,,
825,9031001001500430,14010000721866392,,59.250640869140625,18.199953079223633,,,,
826,9031001007091061,14010000719417167,,59.29924774169922,18.029705047607422,,,,
827,9031001007095070,14010200692211932,,59.3226432800293,18.111387252807617,,,,
828,9031001003002783,14010000689265624,,59.27668380737305,17.90982437133789,,,,
829,9031001004595313,14010100688521926,,59.3468017578125,18.07005500793457,,,,
830,9031001001506929,14010000721954215,,59.340660095214844,17.69586944580078,,,,
831,9031001001506600,14010000724883465,,59.2867317199707,17.818410873413086,,,,
832,9031001007000467,,,59.32542419433594,18.094205856323242,,,,
833,9031001002510008,14010400722424365,,59.33242416381836,18.060327529907227,,,,
834,9031001003003588,14010000644190877,,59.402137756347656,17.806560516357422,,,,
835,9031001001004607,14010000717092924,,59.36547088623047,18.005983352661133,,,,
836,9031001001506966,14010000721954333,,59.363800048828125,18.007640838623047,,,,
837,9031001002520042,14010200702497531,,59.316734313964844,18.06230354309082,,,,
838,9031001002500145,14010100728277027,,59.34025192260742,18.037015914916992,,,,
839,9031001002500078,14010100728277114,,59.314884185791016,18.073413848876953,,,,
840,9031001003007240,14010000691147233,,59.30950927734375,18.46905517578125,,,,
841,9031001006502544,14010000719061664,,59.236656188964844,18.101953506469727,,,,
842,9031001001004605,14010000687454077,,59.33517074584961,17.904211044311523,,,,
843,9031001001004107,14010000717683788,,59.353206634521484,18.03195571899414,,,,
844,9031001004505182,14010000731068216,,59.436126708984375,18.035982131958008,,,,
845,9031001007093892,14010000719583151,,59.35068130493164,18.145723342895508,,,,
846,9031001003004980,14010000692468776,,58.90095901489258,17.950624465942383,,,,
847,9031001003003060,14010000644190535,,59.41643142700195,17.82334327697754,,,,
848,9031001001004047,14010000724493381,,59.36189270019531,18.132646560668945,,,,
849,9031001003003074,14010000730347289,,59.045188903808594,18.006074905395508,,,,
850,9031001002500171,,9011001001900000,59.36700439453125,17.84419822692871,505000000000000001,19,401,AB SL Kundtjänst
851,9031001001007158,14010000725996446,,59.307621002197266,18.076078414916992,,,,
852,9031001001506957,14010000721954656,,59.346988677978516,17.965839385986328,,,,
853,9031001001007612,14010000686175787,,59.35319519042969,18.096317291259766,,,,
854,9031001001004581,14010000723305526,,59.38610076904297,17.88416862487793,,,,
855,9031001004584956,14010000725098565,,59.3468017578125,18.07005500793457,,,,
856,9031001002520030,14010100722361565,,59.374290466308594,18.049781799316406,,,,
857,9031001004505029,14010000725352246,,59.46078872680664,18.03824806213379,,,,
858,9031001001004112,14010000686288991,,59.299190521240234,18.081180572509766,,,,
859,9031001003005508,14010000720510006,,59.24155807495117,17.995737075805664,,,,
860,9031001004505146,14010000725352703,,59.39763259887695,18.091060638427734,,,,
861,9031001007089448,14010000719417094,,59.315773010253906,18.010356903076172,,,,
862,9031001002500192,14010300728245954,,59.260498046875,18.039073944091797,,,,
863,9031001000500522,14010000721776242,,59.11832046508789,18.419315338134766,,,,
864,9031001004505110,14010000721147142,,59.962989807128906,18.606718063354492,,,,
865,9031001001500437,14010100721866325,,59.2989501953125,18.148334503173828,,,,
866,9031001001506907,14010000721954732,,59.2748908996582,17.777809143066406,,,,
867,9031001003005561,14010000720511299,,59.29471206665039,17.984676361083984,,,,
868,9031001001507302,14010000701148206,,59.27043914794922,17.847719192504883,,,,
869,9031001003003040,14010000670287143,,59.23922348022461,17.624427795410156,,,,
870,9031001000500540,14010000728357151,,59.44331741333008,18.886436462402344,,,,
871,9031001003003586,14010000702100576,,59.41075897216797,17.891897201538086,,,,
872,9031001001004610,14010000728128419,,59.364139556884766,18.0123348236084,,,,
873,9031001004505192,14010000720821294,,59.437889099121094,18.080974578857422,,,,
874,9031001003002798,14010000720509699,,59.25649642944336,18.026947021484375,,,,
875,9031001004500422,14010000720568032,,59.49552536010742,17.945709228515625,,,,
876,9031001004500421,14010000720567825,,59.50883102416992,17.950336456298828,,,,
877,9031001003005040,14010000586298543,,59.1989860534668,18.190441131591797,,,,
878,9031001003005464,14010100673574574,,59.25139617919922,18.108030319213867,,,,
879,9031001003005541,14010000703790904,,59.298484802246094,18.078142166137695,,,,
880,9031001003005523,14010000720511196,,59.24443054199219,17.966045379638672,,,,
881,9031001003002777,14010000720510334,,59.20645523071289,17.90032196044922,,,,
882,9031001003005117,14010000722591573,,59.14973449707031,18.138763427734375,,,,
883,9031001001007617,14010000686175076,,59.31562042236328,18.09062957763672,,,,
884,9031001001506954,14010000721954383,,59.38949966430664,18.04265022277832,,,,
885,9031001004505109,14010000721160197,,60.029720306396484,18.605907440185547,,,,
886,9031001001004552,14010000723305404,,59.35580825805664,17.87897491455078,,,,
887,9031001001506609,14010000721954775,,59.39173126220703,17.632389068603516,,,,
888,9031001006502547,14010000673355238,,59.45993423461914,17.80073356628418,,,,
889,9031001003005075,14010000722590972,,59.16374206542969,18.14112663269043,,,,
890,9031001001007221,14010000692153060,,59.31915283203125,18.073678970336914,,,,
891,9031001004505568,14010000721160279,,59.652591705322266,18.926916122436523,,,,
892,9031001001004132,14010000723305271,,59.3968620300293,17.952974319458008,,,,
893,9031001003007210,14010000624467364,,59.202354431152344,17.61322593688965,,,,
894,9031001003004975,14010000722591100,,59.2447509765625,18.10776710510254,,,,
895,9031001003005319,14010000723497404,,59.314876556396484,18.096317291259766,,,,
896,9031001001500424,14010100721866004,,59.319053649902344,18.078662872314453,,,,
