TYP,UNDERTYP,SKYDDSTYP_KOD,count
Information,Områdesskyddsinformation,NR,6177
Parkering,Parkering,NR,2609
Rastplats,Bänkbord,NR,1213
Eldstad,Eldstad,NR,1207
Dass,Dass,NR,757
Information,Platsinformation,NR,668
Rastplats,Bänk ,NR,656
Vindskydd,Vindskydd,NR,575
Information,Områdesskyddsinformation,"N2000-SCI, NR",369
Rastplats,Bord,NR,308
Bro,Bro,NR,235
Bro,Bro,<NULL>,217
Utsikt,Utsikt,NR,213
Soptunna,Soptunna,NR,208
Information,Områdesskyddsinformation,NP,172
Rastplats,Bänkbord,"N2000-SCI, NR",172
Grind,Grind,NR,163
Information,Okänd,NR,159
Vedförvaring/vedbod,Vedförvaring/vedbod,NR,152
Stätta,Stätta,NR,128
Parkering,Parkering,"N2000-SCI, NR",124
Information,Områdesskyddsinformation,"N2000-SPA/SCI, NR",124
Information,Områdesskyddsinformation,NVO,124
Brygga,Brygga,NR,119
Bro,Bro,"N2000-SPA/SCI, NR",114
Fågeltorn,Fågeltorn,NR,113
Eldstad,Eldstad,NP,101
Bro,Hängbro,<NULL>,95
Raststuga,Raststuga,NR,94
Rastplats,Bänkbord,NP,88
Parkering för rörelsehindrade,Parkering för rörelsehindrade,NR,88
Dass,Dass,NP,84
Eldstad,Eldstad,"N2000-SCI, NR",81
Eldstad,Eldstad,"N2000-SPA/SCI, NR",80
Rastskydd,Rastskydd,<NULL>,75
Badplats,Badplats,NR,73
Hållplats,Hållplats,NR,72
Information,Platsinformation,"N2000-SCI, NR",70
Dass,Dass,<NULL>,65
Observationsplattform,Observationsplattform,NR,64
Information,Platsinformation,NP,64
Parkering,Parkering,NP,64
Dass,Dass,"N2000-SCI, NR",62
Information,Karta,NR,61
Toalett,Toalett,NR,61
Rastplats,Bänk ,"N2000-SCI, NR",60
Rastplats,Bänkbord,"N2000-SPA/SCI, NR",57
Parkering,Parkering,NVO,56
Vägbom,Vägbom,NR,53
Parkering,Parkering,"N2000-SPA/SCI, NR",50
Vindskydd,Vindskydd,"N2000-SCI, NR",49
Dass,Dass,"N2000-SPA/SCI, NR",46
Parkering,Parkering,"NR, NR",45
Vindskydd,Vindskydd,NP,45
Information,Områdesskyddsinformation,"NR, NR",44
Rastplats,Bänk ,"N2000-SPA/SCI, NP",42
Rastplats,Bänk ,NP,41
Rastplats,Bänk ,"N2000-SPA/SCI, NR",40
Bussparkering,Bussparkering,NR,39
Ramp,Ramp,NR,38
Information,Platsinformation,"N2000-SPA/SCI, NR",38
Övernattningsstuga,Övernattningsstuga,NR,38
Information,Broshyrer,NR,34
Tältplats,Tältplats,NR,34
Bro,Bro,N2000-SCI,34
Vindskydd,Vindskydd,"N2000-SPA/SCI, NR",31
Bro,Bro,NP,30
Trappa,Trappa,NR,30
Bro,Bro,N2000-SPA/SCI,28
Stängselgenomgång,Stängselgenomgång,NR,28
Eldstad,Eldstad,NVO,27
Övernattningsstuga,Övernattningsstuga,"N2000-SPA/SCI, NR",27
Rastskydd,Rastskydd,NR,26
Bro,Hängbro,"N2000-SPA/SCI, NR",26
Gömsle,Gömsle,NR,26
Tältplats,Tältplats,NP,26
Dass,Dass,NVO,25
Rastplats,Bänkbord,"N2000-SPA/SCI, NP",24
Utsiktstorn,Utsiktstorn,NR,24
Rastplats,Bord,"N2000-SCI, NR",24
Stängselgenomgång,Stängselgenomgång,"N2000-SCI, NR",24
Eldstad,Eldstad,"N2000-SPA/SCI, NP",23
Information,Områdesskyddsinformation,DVO,23
Bro,Hängbro,NR,23
Rastplats,Bord,"N2000-SPA/SCI, NR",22
Grind,Grind,"N2000-SCI, NR",21
Rastplats,Bänkbord,"N2000-SCI, NP",21
Bro,Bro,"N2000-SCI, NR",20
Koja,Koja,NR,20
Vindskydd,Vindskydd,<NULL>,19
Information,Information,NR,19
Information,Broshyrer,NP,18
Vindskydd,Vindskydd,NVO,17
Sopstation,Sopstation,NP,17
Bro,Hängbro,NP,17
Stätta,Stätta,"N2000-SCI, NR",16
Information,Områdesskyddsinformation,"N2000-SPA/SCI, NP",16
Fågeltorn,Fågeltorn,"N2000-SPA/SCI, NR",16
Soptunna,Soptunna,"N2000-SCI, NR",16
Stätta,Stätta,NVO,15
Lekplats,Lekplats,NR,15
Rastskydd,Rastskydd,"N2000-SPA/SCI, NR",15
Livboj,Livboj,NR,15
Information,Ledterminal,<NULL>,15
Brygga,Brygga,NP,14
Dass,Dass,"N2000-SPA/SCI, NP",14
Rastplats,Bänkbord,"N2000-SCI, N2000-SPA, NR",14
Raststuga,Raststuga,"N2000-SPA/SCI, NR",14
Café,Café,NR,14
Utsikt,Utsikt,"N2000-SCI, NR",14
Vadställe,Vadställe,<NULL>,14
Information,Områdesskyddsinformation,"NR, NVO",14
Brygga,Brygga,"N2000-SCI, NR",14
Informationsbyggnad,Informationsbyggnad,NR,14
Ankringsplats,Ankringsplats,NR,13
Soptunna,Soptunna,NP,13
Information,Karta,"N2000-SCI, NR",13
Bostad,Bostad,NP,13
Information,Områdesskyddsinformation,NM,13
Eldstad,Eldstad,"N2000-SCI, NP",13
Information,Platsinformation,"N2000-SPA/SCI, NP",13
Sopstation,Sopstation,NR,13
Vedförvaring/vedbod,Vedförvaring/vedbod,NP,12
Tak,Tak,NR,12
Vedförvaring/vedbod,Vedförvaring/vedbod,"N2000-SPA/SCI, NR",12
Information,Områdesskyddsinformation,"N2000-SCI, NP",12
Parkering,Parkering,<NULL>,11
Övernattningsstuga,Övernattningsstuga,"N2000-SPA/SCI, NP",11
Information,Okänd,"N2000-SCI, NR",11
Hamn,Hamn,NR,11
Raststuga,Raststuga,NP,11
Information,Områdesskyddsinformation,"N2000-SPA, NR",11
Information,Qr-kod,NR,11
Fågeltorn,Fågeltorn,"N2000-SCI, NR",11
Eldstad,Eldstad,"N2000-SPA, NR",10
Information,Områdesskyddsinformation,"N2000-SCI, N2000-SPA, NR",10
Naturum,Naturum,NR,10
Vedförvaring/vedbod,Vedförvaring/vedbod,"N2000-SCI, NR",10
Vindskydd,Vindskydd,"N2000-SPA/SCI, NP",10
Rastplats,Bord,NVO,10
Övernattningsstuga,Övernattningsstuga,NP,9
Raststuga,Raststuga,"N2000-SCI, NR",9
Information,Ledterminal,NP,9
Rastplats,Bänkbord,"NR, NR",8
Observationsplattform,Observationsplattform,"N2000-SPA/SCI, NR",8
Tältplats,Tältplats,"N2000-SPA/SCI, NR",8
Parkering,Parkering,"N2000-SCI, N2000-SPA, NR",8
Information,Okänd,NVO,8
Information,Information,NP,8
Badplats,Badplats,"N2000-SCI, NR",8
Parkering,Parkering,"NR, NVO",8
Ramp,Ramp,NP,8
Hållplats,Hållplats,"NR, NR",8
Trappa,Trappa,"N2000-SCI, NR",7
Utsikt,Utsikt,"N2000-SPA/SCI, NR",7
Fågeltorn,Fågeltorn,NP,7
Koja,Koja,"N2000-SCI, NR",7
Parkering,Parkering,"N2000-SPA/SCI, NP",7
Motorikbana,Motorikbana,NR,7
Rastplats,Bänk ,DVO,7
Rastskydd,Rastskydd,"N2000-SPA/SCI, NP",7
Bro,Hängbro,N2000-SCI,6
Eldstad,Eldstad,<NULL>,6
Dricksvatten,Brunn,NP,6
Parkering,Parkering,NM,6
Vedförvaring/vedbod,Vedförvaring/vedbod,"N2000-SPA/SCI, NP",6
Parkering för rörelsehindrade,Parkering för rörelsehindrade,"N2000-SCI, NR",6
Toalett,Toalett,"N2000-SCI, NR",6
Observationsplattform,Observationsplattform,NP,6
Parkering för rörelsehindrade,Parkering för rörelsehindrade,NP,6
Cykelparkering,Cykelparkering,NR,6
Rastskydd,Rastskydd,"N2000-SCI, NR",6
Utsikt,Utsikt,NP,6
Brygga,Brygga,"N2000-SPA/SCI, NR",6
Tältplats,Tältplats,"N2000-SCI, NR",6
Information,Platsinformation,"N2000-SCI, NP",6
Rastskydd,Rastskydd,NP,6
Rastplats,Bänk ,"N2000-SCI, NP",6
Information,Platsinformation,"N2000-SCI, N2000-SPA, NR",6
Dass,Dass,"NR, NVO",6
Eldstad,Eldstad,"NR, NVO",6
Rastplats,Bord,"N2000-SPA/SCI, NP",6
Information,Områdesskyddsinformation,"N2000-SCI, NR, NVO",5
Dricksvatten,Brunn,NR,5
Information,Portal,NP,5
Vedförvaring/vedbod,Vedförvaring/vedbod,<NULL>,5
Information,Broshyrer,"NP, NR",5
Parkering,Parkering,"N2000-SCI, NR, NVO",5
Hållplats,Hållplats,NP,5
Badplats,Badplats,"N2000-SPA/SCI, NR",5
Information,Områdesskyddsinformation,<NULL>,5
Rastplats,Bord,NP,5
Hjälptelefon,Hjälptelefon,NR,5
Övernattningsstuga,Övernattningsstuga,<NULL>,5
Information,3d-modell,NR,5
Parkering,Parkering,"N2000-SCI, NR, NR",5
Parkering,Parkering,"N2000-SCI, NP",5
Informationsbyggnad,Informationsbyggnad,NP,5
Information,Ledterminal,NR,4
Vägbom,Vägbom,"N2000-SCI, NR",4
Information,Områdesskyddsinformation,"N2000-SCI, NR, NR",4
Utsiktstorn,Utsiktstorn,"N2000-SPA/SCI, NR",4
Bussparkering,Bussparkering,"N2000-SCI, NR",4
Vindskydd,Vindskydd,"NR, NVO",4
Dass,Dass,N2000-SPA/SCI,4
Vägbom,Vägbom,"NR, NR",4
Vindskydd,Vindskydd,"N2000-SCI, NP",4
Vandrarhem,Vandrarhem,NR,4
Information,Platsinformation,"DVO, NR",4
Information,Broshyrer,"N2000-SPA/SCI, NR",4
Vandrarhem,Vandrarhem,"N2000-SCI, NR",4
Bussparkering,Bussparkering,NP,4
Information,Taktil information,NR,4
Bostad,Bostad,NR,4
Observationsplattform,Observationsplattform,"N2000-SPA/SCI, NP",4
Tak,Tak,"N2000-SPA/SCI, NP",4
Badplats,Badplats,"DVO, N2000-SPA/SCI, NR",4
Soptunna,Soptunna,NVO,4
Rastplats,Bänkbord,DVO,4
Parkering för rörelsehindrade,Parkering för rörelsehindrade,"N2000-SPA/SCI, NR",4
Badplats,Badplats,NVO,4
Observationsplattform,Observationsplattform,"N2000-SCI, NR",4
Bastu,Bastu,NR,4
Information,Platsinformation,"NP, NR, NR, NR, NR, NR, NR, NR, NR, NR",4
Rastplats,Bänkbord,NVO,4
Sopstation,Sopstation,"N2000-SCI, NR",3
Bro,Bro,"N2000-SPA/SCI, NP",3
Bussparkering,Bussparkering,"N2000-SPA/SCI, NR",3
Raststuga,Raststuga,"N2000-SPA/SCI, NP",3
Dass,Dass,"N2000-SCI, NP",3
Raststuga,Raststuga,<NULL>,3
Helikopterplatta,Helikopterplatta,NR,3
Ljudinformation,Ljudinformation,NR,3
Kåta,Kåta,NR,3
Servicebyggnad,Servicebyggnad,"N2000-SCI, NR",3
Informationsbyggnad,Informationsbyggnad,"N2000-SPA/SCI, NR",3
Rastskydd,Rastskydd,N2000-SCI,3
Information,Områdesskyddsinformation,"NVO, NVO",3
Vindskydd,Vindskydd,"N2000-SPA, NR",3
Hjälptelefon,Hjälptelefon,"N2000-SPA/SCI, NR",3
Dass,Dass,DVO,3
Utsiktstorn,Utsiktstorn,NP,3
Sopstation,Sopstation,"N2000-SPA/SCI, NR",3
Information,Områdesskyddsinformation,"NR, NR, NR",3
Bro,Hängbro,N2000-SPA/SCI,3
Rastplats,Bänk ,NVO,3
Fågeltorn,Fågeltorn,NVO,3
Brygga,Brygga,<NULL>,3
Rastplats,Bord,"NR, NVO",3
Bastu,Bastu,"N2000-SPA/SCI, NR",3
Bro,Bro,"N2000-SCI, NVO",3
Tak,Tak,NP,3
Eldstad,Eldstad,DVO,3
Toalett,Toalett,NP,3
Rastplats,Bänkbord,"N2000-SPA, NR",3
Rastplats,Bänkbord,"N2000-SCI, NVO",3
Fågeltorn,Fågeltorn,DVO,3
Information,Information,"N2000-SCI, NR",3
Parkering,Parkering,DVO,3
Nationalparksmarkör,Guldkrona,NP,3
Rastplats,Bänkbord,"N2000-SCI, N2000-SPA, NR, NR",3
Information,Information,<NULL>,3
Eldstad,Eldstad,"N2000-SCI, NR, NVO",3
Hållplats,Hållplats,"NR, NR, NR",3
Övernattningsstuga,Övernattningsstuga,N2000-SPA/SCI,3
Vadställe,Vadställe,"N2000-SPA/SCI, NP",2
Information,Områdesskyddsinformation,"NP, NR",2
Koja,Koja,"N2000-SPA/SCI, NR",2
Tältplats,Tältplats,"N2000-SCI, NP",2
Trappa,Trappa,NP,2
Trappa,Trappa,"N2000-SPA/SCI, NR",2
Parkering,Parkering,N2000-SPA/SCI,2
Livboj,Livboj,"N2000-SCI, NR",2
Information,Karta,"N2000-SPA, NR",2
Naturum,Naturum,NP,2
Vadställe,Vadställe,NR,2
Information,Karta,"N2000-SPA/SCI, NR",2
Information,Karta,<NULL>,2
Information,Information,"N2000-SPA/SCI, NR",2
Gömsle,Gömsle,"NR, NR",2
Kajakramp,Kajakramp,NR,2
Koja,Koja,<NULL>,2
Parkering för rörelsehindrade,Parkering för rörelsehindrade,"N2000-SPA/SCI, NP",2
Information,Platsinformation,<NULL>,2
Cykelparkering,Cykelparkering,"N2000-SPA/SCI, NR",2
Vägbom,Vägbom,"NR, NR, NR",2
Information,3d-modell,NP,2
Information,Broshyrer,"N2000-SCI, NP",2
Sopstation,Sopstation,"N2000-SPA/SCI, NP",2
Hållplats,Hållplats,"N2000-SCI, NR",2
Stätta,Stätta,"N2000-SPA/SCI, NVO",2
Parkering för rörelsehindrade,Parkering för rörelsehindrade,"N2000-SCI, NP",2
Bro,Bro,"N2000-SCI, NP",2
Hamn,Hamn,"N2000-SCI, NR",2
Hållplats,Hållplats,NVO,2
Vandrarhem,Vandrarhem,NP,2
Information,Information,"N2000-SCI, NP",2
Information,Broshyrer,"N2000-SPA/SCI, NP",2
Information,Platsinformation,NVO,2
Information,Portal,NR,2
Information,Gästbok/obs.bok,NR,2
Parkering för rörelsehindrade,Parkering för rörelsehindrade,"NR, NR",2
Parkering,Parkering,"N2000-SCI, NVO",2
Fågeltorn,Fågeltorn,"NR, NR",2
Dass,Dass,"N2000-SCI, N2000-SPA, NR",2
Servicebyggnad,Servicebyggnad,"N2000-SPA/SCI, NP",2
Soptunna,Soptunna,"N2000-SCI, NR, NVO",2
Övernattningsstuga,Övernattningsstuga,"N2000-SCI, NR",2
Soptunna,Soptunna,"N2000-SPA/SCI, NR",2
Bastu,Bastu,"N2000-SCI, NR",2
Rastplats,Bänk ,"N2000-SPA, NR",2
Grind,Grind,"OBO, OBO",2
Dass,Dass,"NP, NR",2
Fågeltorn,Fågeltorn,"N2000-SPA, NR",2
Rastplats,Bord,"N2000-SPA/SCI, NVO",2
Rastplats,Bord,"DVO, N2000-SPA/SCI, NR",2
Gömsle,Gömsle,DVO,2
Vedförvaring/vedbod,Vedförvaring/vedbod,"N2000-SPA, NR",2
Ankringsplats,Ankringsplats,"N2000-SPA/SCI, NR",2
Ramp,Ramp,"N2000-SPA/SCI, NR",2
Dass,Dass,"N2000-SPA, NR",2
Ramp,Ramp,"N2000-SPA/SCI, NP",2
Dass,Dass,"NR, NR",2
Badplats,Badplats,"DVO, NR",2
Rastplats,Bänkbord,OBO,2
Pir,Pir,NR,2
Ramp,Ramp,<NULL>,2
Vindskydd,Vindskydd,"NR, NR, NR",2
Rastplats,Bänk ,"NR, NR",2
Rastplats,Bänkbord,<NULL>,2
Eldstad,Eldstad,"N2000-SCI, NVO",2
Hjälptelefon,Hjälptelefon,<NULL>,2
Vindskydd,Vindskydd,DVO,2
Eldstad,Eldstad,"DVO, N2000-SCI, NR",2
Eldstad,Eldstad,"NR, NR",2
Rastplats,Bänkbord,NM,2
Bussparkering,Bussparkering,"N2000-SPA/SCI, NP",2
Pulkabacke,Pulkabacke,NR,2
Dricksvatten,Brunn,"N2000-SPA/SCI, NR",2
Ramp,Ramp,"N2000-SCI, NVO",1
Parkering,Parkering,"NR, NR, NR",1
Parkering,Parkering,OBO,1
Parkering för rörelsehindrade,Parkering för rörelsehindrade,"DVO, N2000-SPA/SCI, NR",1
Parkering för rörelsehindrade,Parkering för rörelsehindrade,"N2000-SCI, N2000-SPA, NR",1
Parkering för rörelsehindrade,Parkering för rörelsehindrade,NVO,1
Ramp,Ramp,"N2000-SCI, NR",1
Rastplats,Bord,"N2000-SCI, N2000-SPA, NR",1
Ramp,Ramp,"N2000-SPA, NR",1
Rastplats,Bord,"N2000-SCI, NP",1
Rastplats,Bänk ,"DVO, N2000-SPA/SCI, NR",1
Rastplats,Bänk ,"N2000-SPA/SCI, NR, NVO",1
Parkering,Parkering,"NM, NR, NR",1
Rastplats,Bänk ,"N2000-SCI, N2000-SPA, NR",1
Rastplats,Bänkbord,"N2000-SCI, NR, NR",1
Rastplats,Bänk ,"N2000-SPA/SCI, NVO",1
Café,Café,"N2000-SCI, NR",1
Sopstation,Sopstation,"DVO, N2000-SPA/SCI, NR",1
Brygga,Brygga,NVO,1
Bro,Bro,NM,1
Rastplats,Bänkbord,"N2000-SPA/SCI, NVO",1
Bro,Bro,NVO,1
Bro,Hängbro,"N2000-SCI, NR",1
Dass,Dass,OBO,1
Bro,Hängbro,NVO,1
Brygga,Brygga,"N2000-SPA/SCI, NP",1
Bussparkering,Bussparkering,"N2000-SCI, NP",1
Information,Platsinformation,"NM, NR",1
Bussparkering,Bussparkering,"N2000-SPA, NR",1
Bussparkering,Bussparkering,"NR, NR",1
Café,Café,"N2000-SPA/SCI, NP",1
Café,Café,"N2000-SPA/SCI, NR",1
Dass,Dass,"DVO, N2000-SPA",1
Dass,Dass,"N2000-SCI, NM, NR",1
Information,Platsinformation,"N2000-SPA, N2000-SPA/SCI, N2000-SPA/SCI, N2000-SPA/SCI, NR, NR, NR, NR",1
Rastplats,Bänkbord,"N2000-SPA, NVO",1
Laddningsstation för elbilar,Laddningsstation för elbilar,"DVO, NR",1
Rastplats,Bänkbord,"NP, NR",1
Rastplats,Bänkbord,"NR, NVO",1
Livboj,Livboj,"N2000-SCI, N2000-SPA, NR",1
Livboj,Livboj,NP,1
Parkering,Parkering,"N2000-SPA/SCI, NM, NR",1
Naturum,Naturum,"N2000-SPA/SCI, NP",1
Naturum,Naturum,"N2000-SPA/SCI, NR",1
Observationsplattform,Observationsplattform,"N2000-SCI, N2000-SPA, NR",1
Observationsplattform,Observationsplattform,"N2000-SCI, N2000-SPA, NR, NR",1
Observationsplattform,Observationsplattform,"N2000-SPA, NR, NVO",1
Observationsplattform,Observationsplattform,NVO,1
Parkering,Parkering,"DVO, N2000-SPA/SCI, NR",1
Parkering,Parkering,"N2000-SCI, N2000-SPA/SCI, NP",1
Parkering,Parkering,"N2000-SCI, NM, NR",1
Parkering,Parkering,"N2000-SCI, NR, NR, NR",1
Parkering,Parkering,"N2000-SPA, NVO",1
Bro,Bro,DVO,1
Livboj,Livboj,<NULL>,1
Lekplats,Lekplats,"N2000-SPA, NR",1
Lekplats,Lekplats,"N2000-SCI, NP",1
Parkering,Parkering,"N2000-SPA/SCI, NVO",1
Rastskydd,Rastskydd,N2000-SPA/SCI,1
Raststuga,Raststuga,"N2000-SCI, NP",1
Raststuga,Raststuga,"NR, NR",1
Raststuga,Raststuga,OBO,1
Servicebyggnad,Servicebyggnad,NP,1
Parkering,Parkering,"NP, NR",1
Information,Platsinformation,"NR, NR",1
Laddningsstation för elbilar,Laddningsstation för elbilar,"N2000-SPA/SCI, NR",1
Livboj,Livboj,"N2000-SPA/SCI, NP",1
Information,Portal,"NP, NR",1
Informationsbyggnad,Informationsbyggnad,"N2000-SCI, NR",1
Informationsbyggnad,Informationsbyggnad,"N2000-SPA/SCI, NP",1
Koja,Koja,N2000-SPA/SCI,1
Kåta,Kåta,"N2000-SCI, NR",1
Bro,Bro,"N2000-SCI, N2000-SPA, NR",1
Stätta,Stätta,"N2000-SPA/SCI, NR",1
Bostad,Bostad,"N2000-SCI, NR",1
Soptunna,Soptunna,"NR, NR",1
Toalett,Toalett,"N2000-SCI, NP",1
Soptunna,Soptunna,"NR, NVO",1
Vedförvaring/vedbod,Vedförvaring/vedbod,"NR, NR",1
Toalett,Toalett,"N2000-SCI, N2000-SCI, NR, NR",1
Vägbom,Vägbom,"NR, NVO",1
Vindskydd,Vindskydd,"DVO, N2000-SCI",1
Toalett,Toalett,"N2000-SPA/SCI, NR",1
Stätta,Stätta,NP,1
Vedförvaring/vedbod,Vedförvaring/vedbod,N2000-SPA/SCI,1
Trappa,Trappa,<NULL>,1
Toalett,Toalett,"DVO, N2000-SPA/SCI, NR",1
Vindskydd,Vindskydd,"DVO, N2000-SPA/SCI, NR",1
Soptunna,Soptunna,"NP, NR",1
Trappa,Trappa,"N2000-SPA/SCI, NP",1
Vedförvaring/vedbod,Vedförvaring/vedbod,NVO,1
Soptunna,Soptunna,"N2000-SPA, NR",1
Stätta,Stätta,"N2000-SPA/SCI, NP",1
Bastu,Bastu,NP,1
Soptunna,Soptunna,"N2000-SCI, NM, NR",1
Toalett,Toalett,"N2000-SCI, N2000-SPA, NR",1
Tältplats,Tältplats,"N2000-SPA/SCI, NP",1
Tillgänglighetsramp,Tillgänglighetsramp,NR,1
Utsikt,Utsikt,"N2000-SCI, NP",1
Vägbom,Vägbom,"N2000-SCI, NVO",1
Soptunna,Soptunna,"N2000-SCI, N2000-SPA, NR",1
Vedförvaring/vedbod,Vedförvaring/vedbod,"N2000-SCI, N2000-SPA, NR",1
Vindskydd,Vindskydd,"N2000-SCI, NVO",1
Tältplats,Tältplats,"DVO, N2000-SPA/SCI, NR",1
Vägbom,Vägbom,NP,1
Vedförvaring/vedbod,Vedförvaring/vedbod,DVO,1
Vindskydd,Vindskydd,N2000-SPA/SCI,1
Stängselgenomgång,Stängselgenomgång,"OBO, OBO",1
Utsikt,Utsikt,"DVO, N2000-SPA/SCI, NR",1
Stätta,Stätta,DVO,1
Vägbom,Vägbom,NVO,1
Ankringsplats,Ankringsplats,"N2000-SCI, NR",1
Sopstation,Sopstation,"N2000-SCI, NP",1
Gömsle,Gömsle,"N2000-SPA/SCI, NR",1
Information,Ledterminal,"N2000-SPA/SCI, NP",1
Information,Ledterminal,NVO,1
Information,Områdesskyddsinformation,"DVO, NR",1
Information,Områdesskyddsinformation,"N2000-SCI, NM, NR",1
Information,Områdesskyddsinformation,"N2000-SCI, NVO",1
Information,Områdesskyddsinformation,"N2000-SPA, NVO",1
Eldstad,Eldstad,N2000-SCI,1
Dricksvatten,Brunn,"N2000-SCI, NP",1
Information,Platsinformation,NM,1
Bro,Hängbro,"DVO, N2000-SCI, N2000-SPA, NR",1
Ankringsplats,Ankringsplats,NP,1
Ankringsplats,Ankringsplats,"NR, NR",1
Badplats,Badplats,"DVO, N2000-SCI, NR",1
Badplats,Badplats,"N2000-SCI, N2000-SPA, NR",1
Barnens skog,Barnens skog,NR,1
Information,Karta,"NR, NR",1
Information,Broshyrer,NVO,1
Information,Broshyrer,"N2000-SCI, NR",1
Fyr,Fyr,NP,1
Eldstad,Eldstad,"N2000-SCI, N2000-SPA, NR",1
Eldstad,Eldstad,"N2000-SCI, NM, NR",1
Eldstad,Eldstad,"NR, NR, NR",1
Eldstad,Eldstad,OBO,1
Fyr,Fyr,"DVO, N2000-SPA/SCI, NR",1
Fyr,Fyr,"N2000-SPA/SCI, NR",1
Fäbodstuga,Fäbodstuga,NR,1
Information,3d-modell,"N2000-SPA/SCI, NR",1
Fågeltorn,Fågeltorn,"N2000-SCI, NVO",1
Grind,Grind,DVO,1
Gömsle,Gömsle,"N2000-SCI, NR",1
Gömsle,Gömsle,NP,1
Dricksvatten,Brunn,"N2000-SCI, NR",1
Information,3d-modell,"N2000-SCI, NR",1
Ljudinformation,Ljudinformation,NP,1
